"timestamp","temp"
2021-01-01 00:00:00,-6.334
2021-01-01 01:00:00,-6.918
2021-01-01 02:00:00,-7.113
2021-01-01 03:00:00,-7.119
2021-01-01 04:00:00,-4.745
2021-01-01 05:00:00,-3.45
2021-01-01 06:00:00,-2.692
2021-01-01 07:00:00,-2.109
2021-01-01 08:00:00,-2.082
2021-01-01 09:00:00,-2.084
2021-01-01 10:00:00,-2.452
2021-01-01 11:00:00,-3.557
2021-01-01 12:00:00,-4.174
2021-01-01 13:00:00,-4.601
2021-01-01 14:00:00,-4.643
2021-01-01 15:00:00,-4.523
2021-01-01 16:00:00,-4.527
2021-01-01 17:00:00,-4.739
2021-01-01 18:00:00,-5.065
2021-01-01 19:00:00,-5.317
2021-01-01 20:00:00,-5.442
2021-01-01 21:00:00,-5.35
2021-01-01 22:00:00,-5.857
2021-01-01 23:00:00,-5.78
2021-01-02 00:00:00,-5.716
2021-01-02 01:00:00,-5.847
2021-01-02 02:00:00,-5.46
2021-01-02 03:00:00,-5.041
2021-01-02 04:00:00,-3.037
2021-01-02 05:00:00,-2.065
2021-01-02 06:00:00,-1.399
2021-01-02 07:00:00,-1.267
2021-01-02 08:00:00,-1.345
2021-01-02 09:00:00,-1.584
2021-01-02 10:00:00,-2.397
2021-01-02 11:00:00,-3.914
2021-01-02 12:00:00,-4.504
2021-01-02 13:00:00,-4.998
2021-01-02 14:00:00,-5.356
2021-01-02 15:00:00,-5.236
2021-01-02 16:00:00,-5.401
2021-01-02 17:00:00,-5.487
2021-01-02 18:00:00,-5.568
2021-01-02 19:00:00,-5.663
2021-01-02 20:00:00,-5.693
2021-01-02 21:00:00,-5.598
2021-01-02 22:00:00,-5.824
2021-01-02 23:00:00,-5.927
2021-01-03 00:00:00,-5.925
2021-01-03 01:00:00,-5.91
2021-01-03 02:00:00,-5.574
2021-01-03 03:00:00,-5.305
2021-01-03 04:00:00,-3.905
2021-01-03 05:00:00,-2.029
2021-01-03 06:00:00,-1.269
2021-01-03 07:00:00,-0.538
2021-01-03 08:00:00,-0.53
2021-01-03 09:00:00,-0.973
2021-01-03 10:00:00,-1.49
2021-01-03 11:00:00,-2.345
2021-01-03 12:00:00,-2.689
2021-01-03 13:00:00,-2.498
2021-01-03 14:00:00,-2.53
2021-01-03 15:00:00,-3.32
2021-01-03 16:00:00,-3.778
2021-01-03 17:00:00,-4.364
2021-01-03 18:00:00,-5.394
2021-01-03 19:00:00,-6.069
2021-01-03 20:00:00,-6.874
2021-01-03 21:00:00,-7.302
2021-01-03 22:00:00,-7.466
2021-01-03 23:00:00,-7.738
2021-01-04 00:00:00,-7.081
2021-01-04 01:00:00,-7.851
2021-01-04 02:00:00,-7.991
2021-01-04 03:00:00,-7.659
2021-01-04 04:00:00,-7.658
2021-01-04 05:00:00,-6.848
2021-01-04 06:00:00,-5.734
2021-01-04 07:00:00,-5.353
2021-01-04 08:00:00,-5.389
2021-01-04 09:00:00,-5.239
2021-01-04 10:00:00,-4.709
2021-01-04 11:00:00,-4.435
2021-01-04 12:00:00,-5.077
2021-01-04 13:00:00,-5.648
2021-01-04 14:00:00,-5.546
2021-01-04 15:00:00,-5.393
2021-01-04 16:00:00,-6.374
2021-01-04 17:00:00,-5.87
2021-01-04 18:00:00,-4.835
2021-01-04 19:00:00,-4.275
2021-01-04 20:00:00,-4.515
2021-01-04 21:00:00,-4.428
2021-01-04 22:00:00,-4.813
2021-01-04 23:00:00,-4.035
2021-01-05 00:00:00,-5.084
2021-01-05 01:00:00,-5.906
2021-01-05 02:00:00,-6.239
2021-01-05 03:00:00,-5.846
2021-01-05 04:00:00,-6.215
2021-01-05 05:00:00,-6.477
2021-01-05 06:00:00,-6.566
2021-01-05 07:00:00,-5.593
2021-01-05 08:00:00,-5.987
2021-01-05 09:00:00,-5.386
2021-01-05 10:00:00,-3.31
2021-01-05 11:00:00,-2.939
2021-01-05 12:00:00,-3.954
2021-01-05 13:00:00,-5.229
2021-01-05 14:00:00,-3.893
2021-01-05 15:00:00,-3.86
2021-01-05 16:00:00,-4.367
2021-01-05 17:00:00,-4.249
2021-01-05 18:00:00,-3.939
2021-01-05 19:00:00,-3.546
2021-01-05 20:00:00,-3.776
2021-01-05 21:00:00,-5.004
2021-01-05 22:00:00,-3.879
2021-01-05 23:00:00,-3.361
2021-01-06 00:00:00,-3.817
2021-01-06 01:00:00,-4.772
2021-01-06 02:00:00,-5.17
2021-01-06 03:00:00,-5.25
2021-01-06 04:00:00,-3.831
2021-01-06 05:00:00,-2.73
2021-01-06 06:00:00,-1.783
2021-01-06 07:00:00,-1.393
2021-01-06 08:00:00,-1.377
2021-01-06 09:00:00,-1.714
2021-01-06 10:00:00,-2.323
2021-01-06 11:00:00,-3.549
2021-01-06 12:00:00,-4.658
2021-01-06 13:00:00,-4.624
2021-01-06 14:00:00,-4.464
2021-01-06 15:00:00,-5.097
2021-01-06 16:00:00,-5.283
2021-01-06 17:00:00,-3.923
2021-01-06 18:00:00,-3.531
2021-01-06 19:00:00,-3.416
2021-01-06 20:00:00,-3.335
2021-01-06 21:00:00,-3.191
2021-01-06 22:00:00,-3.346
2021-01-06 23:00:00,-3.357
2021-01-07 00:00:00,-3.225
2021-01-07 01:00:00,-4.106
2021-01-07 02:00:00,-2.931
2021-01-07 03:00:00,-3.299
2021-01-07 04:00:00,-1.222
2021-01-07 05:00:00,-0.054
2021-01-07 06:00:00,0.272
2021-01-07 07:00:00,0.237
2021-01-07 08:00:00,-0.049
2021-01-07 09:00:00,-0.012
2021-01-07 10:00:00,-0.617
2021-01-07 11:00:00,-1.845
2021-01-07 12:00:00,-2.311
2021-01-07 13:00:00,-2.612
2021-01-07 14:00:00,-3.177
2021-01-07 15:00:00,-3.412
2021-01-07 16:00:00,-3.554
2021-01-07 17:00:00,-3.542
2021-01-07 18:00:00,-3.652
2021-01-07 19:00:00,-3.537
2021-01-07 20:00:00,-3.548
2021-01-07 21:00:00,-3.583
2021-01-07 22:00:00,-3.898
2021-01-07 23:00:00,-4.007
2021-01-08 00:00:00,-3.962
2021-01-08 01:00:00,-3.995
2021-01-08 02:00:00,-3.883
2021-01-08 03:00:00,-3.885
2021-01-08 04:00:00,-2.249
2021-01-08 05:00:00,-0.804
2021-01-08 06:00:00,-0.17
2021-01-08 07:00:00,0.289
2021-01-08 08:00:00,0.389
2021-01-08 09:00:00,0.099
2021-01-08 10:00:00,-0.66
2021-01-08 11:00:00,-1.961
2021-01-08 12:00:00,-2.968
2021-01-08 13:00:00,-3.365
2021-01-08 14:00:00,-3.061
2021-01-08 15:00:00,-2.663
2021-01-08 16:00:00,-2.722
2021-01-08 17:00:00,-2.419
2021-01-08 18:00:00,-2.325
2021-01-08 19:00:00,-2.483
2021-01-08 20:00:00,-2.573
2021-01-08 21:00:00,-2.258
2021-01-08 22:00:00,-2.17
2021-01-08 23:00:00,-2.263
2021-01-09 00:00:00,-2.247
2021-01-09 01:00:00,-2.025
2021-01-09 02:00:00,-2.122
2021-01-09 03:00:00,-2.096
2021-01-09 04:00:00,-0.445
2021-01-09 05:00:00,1.077
2021-01-09 06:00:00,1.453
2021-01-09 07:00:00,1.899
2021-01-09 08:00:00,1.779
2021-01-09 09:00:00,1.207
2021-01-09 10:00:00,0.83
2021-01-09 11:00:00,-0.188
2021-01-09 12:00:00,-0.825
2021-01-09 13:00:00,-1.411
2021-01-09 14:00:00,-1.417
2021-01-09 15:00:00,-1.575
2021-01-09 16:00:00,-1.528
2021-01-09 17:00:00,-1.05
2021-01-09 18:00:00,-1.025
2021-01-09 19:00:00,-1.112
2021-01-09 20:00:00,-0.96
2021-01-09 21:00:00,-1.063
2021-01-09 22:00:00,-1.19
2021-01-09 23:00:00,-1.741
2021-01-10 00:00:00,-2.08
2021-01-10 01:00:00,-2.324
2021-01-10 02:00:00,-1.393
2021-01-10 03:00:00,-0.912
2021-01-10 04:00:00,0.67
2021-01-10 05:00:00,1.713
2021-01-10 06:00:00,2.399
2021-01-10 07:00:00,3.082
2021-01-10 08:00:00,3.2
2021-01-10 09:00:00,3.305
2021-01-10 10:00:00,2.825
2021-01-10 11:00:00,2.262
2021-01-10 12:00:00,1.924
2021-01-10 13:00:00,1.769
2021-01-10 14:00:00,1.794
2021-01-10 15:00:00,2.049
2021-01-10 16:00:00,2.093
2021-01-10 17:00:00,2.112
2021-01-10 18:00:00,2.056
2021-01-10 19:00:00,1.908
2021-01-10 20:00:00,1.579
2021-01-10 21:00:00,1.376
2021-01-10 22:00:00,0.987
2021-01-10 23:00:00,0.777
2021-01-11 00:00:00,0.76
2021-01-11 01:00:00,0.558
2021-01-11 02:00:00,0.601
2021-01-11 03:00:00,0.742
2021-01-11 04:00:00,2.583
2021-01-11 05:00:00,3.504
2021-01-11 06:00:00,3.613
2021-01-11 07:00:00,4.096
2021-01-11 08:00:00,4.263
2021-01-11 09:00:00,4.326
2021-01-11 10:00:00,4.138
2021-01-11 11:00:00,3.78
2021-01-11 12:00:00,3.897
2021-01-11 13:00:00,3.126
2021-01-11 14:00:00,2.828
2021-01-11 15:00:00,2.808
2021-01-11 16:00:00,3.042
2021-01-11 17:00:00,2.261
2021-01-11 18:00:00,0.939
2021-01-11 19:00:00,1.445
2021-01-11 20:00:00,2.382
2021-01-11 21:00:00,2.782
2021-01-11 22:00:00,2.526
2021-01-11 23:00:00,2.43
2021-01-12 00:00:00,2.238
2021-01-12 01:00:00,2.524
2021-01-12 02:00:00,2.554
2021-01-12 03:00:00,2.241
2021-01-12 04:00:00,3.471
2021-01-12 05:00:00,4.316
2021-01-12 06:00:00,4.714
2021-01-12 07:00:00,4.884
2021-01-12 08:00:00,4.221
2021-01-12 09:00:00,2.94
2021-01-12 10:00:00,2.587
2021-01-12 11:00:00,0.872
2021-01-12 12:00:00,0.23
2021-01-12 13:00:00,-0.273
2021-01-12 14:00:00,-1.106
2021-01-12 15:00:00,-1.681
2021-01-12 16:00:00,-1.763
2021-01-12 17:00:00,-0.252
2021-01-12 18:00:00,-0.701
2021-01-12 19:00:00,-0.185
2021-01-12 20:00:00,-0.646
2021-01-12 21:00:00,-1.451
2021-01-12 22:00:00,-1.663
2021-01-12 23:00:00,-2.049
2021-01-13 00:00:00,-2.242
2021-01-13 01:00:00,-2.335
2021-01-13 02:00:00,-3.003
2021-01-13 03:00:00,-2.266
2021-01-13 04:00:00,2.187
2021-01-13 05:00:00,4.238
2021-01-13 06:00:00,5.311
2021-01-13 07:00:00,6.159
2021-01-13 08:00:00,6.775
2021-01-13 09:00:00,7.126
2021-01-13 10:00:00,6.711
2021-01-13 11:00:00,4.901
2021-01-13 12:00:00,4.198
2021-01-13 13:00:00,3.73
2021-01-13 14:00:00,2.91
2021-01-13 15:00:00,2.683
2021-01-13 16:00:00,1.618
2021-01-13 17:00:00,0.877
2021-01-13 18:00:00,-0.094
2021-01-13 19:00:00,-0.568
2021-01-13 20:00:00,-0.626
2021-01-13 21:00:00,-0.998
2021-01-13 22:00:00,-1.817
2021-01-13 23:00:00,-1.608
2021-01-14 00:00:00,-1.624
2021-01-14 01:00:00,-1.41
2021-01-14 02:00:00,-1.658
2021-01-14 03:00:00,-2.01
2021-01-14 04:00:00,2.357
2021-01-14 05:00:00,4.566
2021-01-14 06:00:00,5.809
2021-01-14 07:00:00,6.266
2021-01-14 08:00:00,6.101
2021-01-14 09:00:00,5.859
2021-01-14 10:00:00,5.515
2021-01-14 11:00:00,4.462
2021-01-14 12:00:00,2.502
2021-01-14 13:00:00,1.471
2021-01-14 14:00:00,1.315
2021-01-14 15:00:00,0.98
2021-01-14 16:00:00,0.051
2021-01-14 17:00:00,-0.629
2021-01-14 18:00:00,-1.11
2021-01-14 19:00:00,-1.115
2021-01-14 20:00:00,-1.648
2021-01-14 21:00:00,-2.114
2021-01-14 22:00:00,-1.998
2021-01-14 23:00:00,-1.751
2021-01-15 00:00:00,-0.613
2021-01-15 01:00:00,-0.845
2021-01-15 02:00:00,-1.931
2021-01-15 03:00:00,-0.742
2021-01-15 04:00:00,1.939
2021-01-15 05:00:00,3.607
2021-01-15 06:00:00,4.2
2021-01-15 07:00:00,4.204
2021-01-15 08:00:00,3.266
2021-01-15 09:00:00,2.976
2021-01-15 10:00:00,2.309
2021-01-15 11:00:00,1.218
2021-01-15 12:00:00,0.6
2021-01-15 13:00:00,0.213
2021-01-15 14:00:00,-0.158
2021-01-15 15:00:00,-0.858
2021-01-15 16:00:00,-1.711
2021-01-15 17:00:00,-1.898
2021-01-15 18:00:00,-2.237
2021-01-15 19:00:00,-2.321
2021-01-15 20:00:00,-2.409
2021-01-15 21:00:00,-2.713
2021-01-15 22:00:00,-3.304
2021-01-15 23:00:00,-3.067
2021-01-16 00:00:00,-4.105
2021-01-16 01:00:00,-4.657
2021-01-16 02:00:00,-4.397
2021-01-16 03:00:00,-4.804
2021-01-16 04:00:00,-1.888
2021-01-16 05:00:00,-0.478
2021-01-16 06:00:00,0.067
2021-01-16 07:00:00,0.409
2021-01-16 08:00:00,0.48
2021-01-16 09:00:00,0.5
2021-01-16 10:00:00,0.077
2021-01-16 11:00:00,-1.208
2021-01-16 12:00:00,-1.866
2021-01-16 13:00:00,-2.476
2021-01-16 14:00:00,-3.214
2021-01-16 15:00:00,-4.733
2021-01-16 16:00:00,-5.812
2021-01-16 17:00:00,-6.305
2021-01-16 18:00:00,-6.557
2021-01-16 19:00:00,-7.116
2021-01-16 20:00:00,-7.416
2021-01-16 21:00:00,-7.746
2021-01-16 22:00:00,-8.05
2021-01-16 23:00:00,-8.06
2021-01-17 00:00:00,-8.18
2021-01-17 01:00:00,-8.08
2021-01-17 02:00:00,-8.39
2021-01-17 03:00:00,-7.678
2021-01-17 04:00:00,-3.875
2021-01-17 05:00:00,-1.708
2021-01-17 06:00:00,-0.767
2021-01-17 07:00:00,0.153
2021-01-17 08:00:00,-0.047
2021-01-17 09:00:00,-0.462
2021-01-17 10:00:00,-0.804
2021-01-17 11:00:00,-1.866
2021-01-17 12:00:00,-2.838
2021-01-17 13:00:00,-3.438
2021-01-17 14:00:00,-3.822
2021-01-17 15:00:00,-3.858
2021-01-17 16:00:00,-4.465
2021-01-17 17:00:00,-4.565
2021-01-17 18:00:00,-4.798
2021-01-17 19:00:00,-5.228
2021-01-17 20:00:00,-5.826
2021-01-17 21:00:00,-6.104
2021-01-17 22:00:00,-6.524
2021-01-17 23:00:00,-6.799
2021-01-18 00:00:00,-7.188
2021-01-18 01:00:00,-7.377
2021-01-18 02:00:00,-7.403
2021-01-18 03:00:00,-7.039
2021-01-18 04:00:00,-4.762
2021-01-18 05:00:00,-3.508
2021-01-18 06:00:00,-2.788
2021-01-18 07:00:00,-2.333
2021-01-18 08:00:00,-1.815
2021-01-18 09:00:00,-2.223
2021-01-18 10:00:00,-2.865
2021-01-18 11:00:00,-4.458
2021-01-18 12:00:00,-5.28
2021-01-18 13:00:00,-5.751
2021-01-18 14:00:00,-6.075
2021-01-18 15:00:00,-6.115
2021-01-18 16:00:00,-6.789
2021-01-18 17:00:00,-8.13
2021-01-18 18:00:00,-9.39
2021-01-18 19:00:00,-8.89
2021-01-18 20:00:00,-8.49
2021-01-18 21:00:00,-7.992
2021-01-18 22:00:00,-5.903
2021-01-18 23:00:00,-6.126
2021-01-19 00:00:00,-5.542
2021-01-19 01:00:00,-4.977
2021-01-19 02:00:00,-2.786
2021-01-19 03:00:00,-3.355
2021-01-19 04:00:00,-2.176
2021-01-19 05:00:00,-3.552
2021-01-19 06:00:00,-1.949
2021-01-19 07:00:00,-0.96
2021-01-19 08:00:00,-2.489
2021-01-19 09:00:00,-3.05
2021-01-19 10:00:00,-4.202
2021-01-19 11:00:00,-6.007
2021-01-19 12:00:00,-4.265
2021-01-19 13:00:00,-4.42
2021-01-19 14:00:00,-4.931
2021-01-19 15:00:00,-7.966
2021-01-19 16:00:00,-6.897
2021-01-19 17:00:00,-8.55
2021-01-19 18:00:00,-10.46
2021-01-19 19:00:00,-11.12
2021-01-19 20:00:00,-10.81
2021-01-19 21:00:00,-9.92
2021-01-19 22:00:00,-10.24
2021-01-19 23:00:00,-10.41
2021-01-20 00:00:00,-10.93
2021-01-20 01:00:00,-9.73
2021-01-20 02:00:00,-8.56
2021-01-20 03:00:00,-8.09
2021-01-20 04:00:00,-5.083
2021-01-20 05:00:00,-3.66
2021-01-20 06:00:00,-4.202
2021-01-20 07:00:00,-3.706
2021-01-20 08:00:00,-3.119
2021-01-20 09:00:00,-3.166
2021-01-20 10:00:00,-5.14
2021-01-20 11:00:00,-6.954
2021-01-20 12:00:00,-8.95
2021-01-20 13:00:00,-9.42
2021-01-20 14:00:00,-9.75
2021-01-20 15:00:00,-10.47
2021-01-20 16:00:00,-10.87
2021-01-20 17:00:00,-11.46
2021-01-20 18:00:00,-8.03
2021-01-20 19:00:00,-7.224
2021-01-20 20:00:00,-8.51
2021-01-20 21:00:00,-7.279
2021-01-20 22:00:00,-8.16
2021-01-20 23:00:00,-9.96
2021-01-21 00:00:00,-10.12
2021-01-21 01:00:00,-10.21
2021-01-21 02:00:00,-10.8
2021-01-21 03:00:00,-9.66
2021-01-21 04:00:00,-6.529
2021-01-21 05:00:00,-2.724
2021-01-21 06:00:00,-1.386
2021-01-21 07:00:00,-0.749
2021-01-21 08:00:00,-0.926
2021-01-21 09:00:00,-1.429
2021-01-21 10:00:00,-1.923
2021-01-21 11:00:00,-2.81
2021-01-21 12:00:00,-3.448
2021-01-21 13:00:00,-3.608
2021-01-21 14:00:00,-3.061
2021-01-21 15:00:00,-2.47
2021-01-21 16:00:00,-2.497
2021-01-21 17:00:00,-2.204
2021-01-21 18:00:00,-2.122
2021-01-21 19:00:00,-2.33
2021-01-21 20:00:00,-2.506
2021-01-21 21:00:00,-3.003
2021-01-21 22:00:00,-3.175
2021-01-21 23:00:00,-3.109
2021-01-22 00:00:00,-3.539
2021-01-22 01:00:00,-4.442
2021-01-22 02:00:00,-5.316
2021-01-22 03:00:00,-4.891
2021-01-22 04:00:00,-1.633
2021-01-22 05:00:00,1.025
2021-01-22 06:00:00,1.814
2021-01-22 07:00:00,2.532
2021-01-22 08:00:00,2.219
2021-01-22 09:00:00,1.895
2021-01-22 10:00:00,1.338
2021-01-22 11:00:00,-0.035
2021-01-22 12:00:00,-1.337
2021-01-22 13:00:00,-2.561
2021-01-22 14:00:00,-3.691
2021-01-22 15:00:00,-4.483
2021-01-22 16:00:00,-4.433
2021-01-22 17:00:00,-5.177
2021-01-22 18:00:00,-5.845
2021-01-22 19:00:00,-6.724
2021-01-22 20:00:00,-7.312
2021-01-22 21:00:00,-7.417
2021-01-22 22:00:00,-7.24
2021-01-22 23:00:00,-6.139
2021-01-23 00:00:00,-5.803
2021-01-23 01:00:00,-6.25
2021-01-23 02:00:00,-7.176
2021-01-23 03:00:00,-6.653
2021-01-23 04:00:00,-3.507
2021-01-23 05:00:00,-1.798
2021-01-23 06:00:00,-1.09
2021-01-23 07:00:00,-1.122
2021-01-23 08:00:00,-1.124
2021-01-23 09:00:00,-1.807
2021-01-23 10:00:00,-2.523
2021-01-23 11:00:00,-3.498
2021-01-23 12:00:00,-4.346
2021-01-23 13:00:00,-4.917
2021-01-23 14:00:00,-5.009
2021-01-23 15:00:00,-5.265
2021-01-23 16:00:00,-5.493
2021-01-23 17:00:00,-5.939
2021-01-23 18:00:00,-6.284
2021-01-23 19:00:00,-6.57
2021-01-23 20:00:00,-6.843
2021-01-23 21:00:00,-7.15
2021-01-23 22:00:00,-7.322
2021-01-23 23:00:00,-7.189
2021-01-24 00:00:00,-7.417
2021-01-24 01:00:00,-7.214
2021-01-24 02:00:00,-7.192
2021-01-24 03:00:00,-6.8
2021-01-24 04:00:00,-5.026
2021-01-24 05:00:00,-3.587
2021-01-24 06:00:00,-3.255
2021-01-24 07:00:00,-3.507
2021-01-24 08:00:00,-3.479
2021-01-24 09:00:00,-3.678
2021-01-24 10:00:00,-4.217
2021-01-24 11:00:00,-5.327
2021-01-24 12:00:00,-5.859
2021-01-24 13:00:00,-5.955
2021-01-24 14:00:00,-6.005
2021-01-24 15:00:00,-6.257
2021-01-24 16:00:00,-6.265
2021-01-24 17:00:00,-6.276
2021-01-24 18:00:00,-6.355
2021-01-24 19:00:00,-6.428
2021-01-24 20:00:00,-6.71
2021-01-24 21:00:00,-7.007
2021-01-24 22:00:00,-7.68
2021-01-24 23:00:00,-7.652
2021-01-25 00:00:00,-7.841
2021-01-25 01:00:00,-7.46
2021-01-25 02:00:00,-7.276
2021-01-25 03:00:00,-7.256
2021-01-25 04:00:00,-5.592
2021-01-25 05:00:00,-4.038
2021-01-25 06:00:00,-3.403
2021-01-25 07:00:00,-3.051
2021-01-25 08:00:00,-3.175
2021-01-25 09:00:00,-3.491
2021-01-25 10:00:00,-4.276
2021-01-25 11:00:00,-5.376
2021-01-25 12:00:00,-6.459
2021-01-25 13:00:00,-7.291
2021-01-25 14:00:00,-7.395
2021-01-25 15:00:00,-8.45
2021-01-25 16:00:00,-8.21
2021-01-25 17:00:00,-8.44
2021-01-25 18:00:00,-8.97
2021-01-25 19:00:00,-8.49
2021-01-25 20:00:00,-8.02
2021-01-25 21:00:00,-7.638
2021-01-25 22:00:00,-7.527
2021-01-25 23:00:00,-7.733
2021-01-26 00:00:00,-7.886
2021-01-26 01:00:00,-8.09
2021-01-26 02:00:00,-8.29
2021-01-26 03:00:00,-8.56
2021-01-26 04:00:00,-7.457
2021-01-26 05:00:00,-6.125
2021-01-26 06:00:00,-5.115
2021-01-26 07:00:00,-4.644
2021-01-26 08:00:00,-4.994
2021-01-26 09:00:00,-5.503
2021-01-26 10:00:00,-6.057
2021-01-26 11:00:00,-7.173
2021-01-26 12:00:00,-8.08
2021-01-26 13:00:00,-8.57
2021-01-26 14:00:00,-8.32
2021-01-26 15:00:00,-8.33
2021-01-26 16:00:00,-8.37
2021-01-26 17:00:00,-8.87
2021-01-26 18:00:00,-9.23
2021-01-26 19:00:00,-8.15
2021-01-26 20:00:00,-8.33
2021-01-26 21:00:00,-8.38
2021-01-26 22:00:00,-8.4
2021-01-26 23:00:00,-8.35
2021-01-27 00:00:00,-8.45
2021-01-27 01:00:00,-8.57
2021-01-27 02:00:00,-8.32
2021-01-27 03:00:00,-8.18
2021-01-27 04:00:00,-6.655
2021-01-27 05:00:00,-5.242
2021-01-27 06:00:00,-4.382
2021-01-27 07:00:00,-3.742
2021-01-27 08:00:00,-3.648
2021-01-27 09:00:00,-4.037
2021-01-27 10:00:00,-4.897
2021-01-27 11:00:00,-6.143
2021-01-27 12:00:00,-6.27
2021-01-27 13:00:00,-6.843
2021-01-27 14:00:00,-7.178
2021-01-27 15:00:00,-7.405
2021-01-27 16:00:00,-6.866
2021-01-27 17:00:00,-6.884
2021-01-27 18:00:00,-6.677
2021-01-27 19:00:00,-6.87
2021-01-27 20:00:00,-7.34
2021-01-27 21:00:00,-7.814
2021-01-27 22:00:00,-8.19
2021-01-27 23:00:00,-8.8
2021-01-28 00:00:00,-8.66
2021-01-28 01:00:00,-8.89
2021-01-28 02:00:00,-8.92
2021-01-28 03:00:00,-9.22
2021-01-28 04:00:00,-6.953
2021-01-28 05:00:00,-5.036
2021-01-28 06:00:00,-4.739
2021-01-28 07:00:00,-4.229
2021-01-28 08:00:00,-5.013
2021-01-28 09:00:00,-5.371
2021-01-28 10:00:00,-6.335
2021-01-28 11:00:00,-7.729
2021-01-28 12:00:00,-8.74
2021-01-28 13:00:00,-9.35
2021-01-28 14:00:00,-9.61
2021-01-28 15:00:00,-9.85
2021-01-28 16:00:00,-10.47
2021-01-28 17:00:00,-10.65
2021-01-28 18:00:00,-10.68
2021-01-28 19:00:00,-10.85
2021-01-28 20:00:00,-11.37
2021-01-28 21:00:00,-11.91
2021-01-28 22:00:00,-12.24
2021-01-28 23:00:00,-12.69
2021-01-29 00:00:00,-12.81
2021-01-29 01:00:00,-13.15
2021-01-29 02:00:00,-12.99
2021-01-29 03:00:00,-12.69
2021-01-29 04:00:00,-11.54
2021-01-29 05:00:00,-10.47
2021-01-29 06:00:00,-9.98
2021-01-29 07:00:00,-9.66
2021-01-29 08:00:00,-10.03
2021-01-29 09:00:00,-10.8
2021-01-29 10:00:00,-12.1
2021-01-29 11:00:00,-13.96
2021-01-29 12:00:00,-16.09
2021-01-29 13:00:00,-16.58
2021-01-29 14:00:00,-16.84
2021-01-29 15:00:00,-17.09
2021-01-29 16:00:00,-17.38
2021-01-29 17:00:00,-17.73
2021-01-29 18:00:00,-17.95
2021-01-29 19:00:00,-18.08
2021-01-29 20:00:00,-16.49
2021-01-29 21:00:00,-16.21
2021-01-29 22:00:00,-16.38
2021-01-29 23:00:00,-16.29
2021-01-30 00:00:00,-17.32
2021-01-30 01:00:00,-18.48
2021-01-30 02:00:00,-18.43
2021-01-30 03:00:00,-18.27
2021-01-30 04:00:00,-14.14
2021-01-30 05:00:00,-11.73
2021-01-30 06:00:00,-11.1
2021-01-30 07:00:00,-10.69
2021-01-30 08:00:00,-10.39
2021-01-30 09:00:00,-10.05
2021-01-30 10:00:00,-10.78
2021-01-30 11:00:00,-11.16
2021-01-30 12:00:00,-13.17
2021-01-30 13:00:00,-12.23
2021-01-30 14:00:00,-11.75
2021-01-30 15:00:00,-11.99
2021-01-30 16:00:00,-12.75
2021-01-30 17:00:00,-12.66
2021-01-30 18:00:00,-13.1
2021-01-30 19:00:00,-13.51
2021-01-30 20:00:00,-13.06
2021-01-30 21:00:00,-13.12
2021-01-30 22:00:00,-13.61
2021-01-30 23:00:00,-13.08
2021-01-31 00:00:00,-13.77
2021-01-31 01:00:00,-14.14
2021-01-31 02:00:00,-14.25
2021-01-31 03:00:00,-13.51
2021-01-31 04:00:00,-9.72
2021-01-31 05:00:00,-6.738
2021-01-31 06:00:00,-6.709
2021-01-31 07:00:00,-6.835
2021-01-31 08:00:00,-6.23
2021-01-31 09:00:00,-6.218
2021-01-31 10:00:00,-7.149
2021-01-31 11:00:00,-8.1
2021-01-31 12:00:00,-9.2
2021-01-31 13:00:00,-9.94
2021-01-31 14:00:00,-9.84
2021-01-31 15:00:00,-10.64
2021-01-31 16:00:00,-10.57
2021-01-31 17:00:00,-9.86
2021-01-31 18:00:00,-9.75
2021-01-31 19:00:00,-9.93
2021-01-31 20:00:00,-9.82
2021-01-31 21:00:00,-9.1
2021-01-31 22:00:00,-9.77
2021-01-31 23:00:00,-10.21
2021-02-01 00:00:00,-10.85
2021-02-01 01:00:00,-11.2
2021-02-01 02:00:00,-10.45
2021-02-01 03:00:00,-9.75
2021-02-01 04:00:00,-6.498
2021-02-01 05:00:00,-4.086
2021-02-01 06:00:00,-3.902
2021-02-01 07:00:00,-3.827
2021-02-01 08:00:00,-3.932
2021-02-01 09:00:00,-4.614
2021-02-01 10:00:00,-4.995
2021-02-01 11:00:00,-5.931
2021-02-01 12:00:00,-7.126
2021-02-01 13:00:00,-7.628
2021-02-01 14:00:00,-8.37
2021-02-01 15:00:00,-8.39
2021-02-01 16:00:00,-9.19
2021-02-01 17:00:00,-9.53
2021-02-01 18:00:00,-9.46
2021-02-01 19:00:00,-8.92
2021-02-01 20:00:00,-9.55
2021-02-01 21:00:00,-9.87
2021-02-01 22:00:00,-10.06
2021-02-01 23:00:00,-10.23
2021-02-02 00:00:00,-10.04
2021-02-02 01:00:00,-10.51
2021-02-02 02:00:00,-10.57
2021-02-02 03:00:00,-10.74
2021-02-02 04:00:00,-6.838
2021-02-02 05:00:00,-4.135
2021-02-02 06:00:00,-3.392
2021-02-02 07:00:00,-3.021
2021-02-02 08:00:00,-2.729
2021-02-02 09:00:00,-3.106
2021-02-02 10:00:00,-3.758
2021-02-02 11:00:00,-5.321
2021-02-02 12:00:00,-6.177
2021-02-02 13:00:00,-7.205
2021-02-02 14:00:00,-8.03
2021-02-02 15:00:00,-8.65
2021-02-02 16:00:00,-9.31
2021-02-02 17:00:00,-10.51
2021-02-02 18:00:00,-11.42
2021-02-02 19:00:00,-11.94
2021-02-02 20:00:00,-12.26
2021-02-02 21:00:00,-12.2
2021-02-02 22:00:00,-11.68
2021-02-02 23:00:00,-10.78
2021-02-03 00:00:00,-10.76
2021-02-03 01:00:00,-10.25
2021-02-03 02:00:00,-10.23
2021-02-03 03:00:00,-10.53
2021-02-03 04:00:00,-8.02
2021-02-03 05:00:00,-5.961
2021-02-03 06:00:00,-5.721
2021-02-03 07:00:00,-5.823
2021-02-03 08:00:00,-6.472
2021-02-03 09:00:00,-7.092
2021-02-03 10:00:00,-7.354
2021-02-03 11:00:00,-8.37
2021-02-03 12:00:00,-9.45
2021-02-03 13:00:00,-10.01
2021-02-03 14:00:00,-10.53
2021-02-03 15:00:00,-10.96
2021-02-03 16:00:00,-11.18
2021-02-03 17:00:00,-11.63
2021-02-03 18:00:00,-12.06
2021-02-03 19:00:00,-12.16
2021-02-03 20:00:00,-12.45
2021-02-03 21:00:00,-13.13
2021-02-03 22:00:00,-13.65
2021-02-03 23:00:00,-13.33
2021-02-04 00:00:00,-12.78
2021-02-04 01:00:00,-12.24
2021-02-04 02:00:00,-12.52
2021-02-04 03:00:00,-11.92
2021-02-04 04:00:00,-9.31
2021-02-04 05:00:00,-7.147
2021-02-04 06:00:00,-6.568
2021-02-04 07:00:00,-6.592
2021-02-04 08:00:00,-6.433
2021-02-04 09:00:00,-6.738
2021-02-04 10:00:00,-7.858
2021-02-04 11:00:00,-8.95
2021-02-04 12:00:00,-10.07
2021-02-04 13:00:00,-11.07
2021-02-04 14:00:00,-11.43
2021-02-04 15:00:00,-11.41
2021-02-04 16:00:00,-11.83
2021-02-04 17:00:00,-12.13
2021-02-04 18:00:00,-12.5
2021-02-04 19:00:00,-12.96
2021-02-04 20:00:00,-13.44
2021-02-04 21:00:00,-13.88
2021-02-04 22:00:00,-13.71
2021-02-04 23:00:00,-13.23
2021-02-05 00:00:00,-13.28
2021-02-05 01:00:00,-13.16
2021-02-05 02:00:00,-13.38
2021-02-05 03:00:00,-13.62
2021-02-05 04:00:00,-11.68
2021-02-05 05:00:00,-10
2021-02-05 06:00:00,-9.24
2021-02-05 07:00:00,-8.93
2021-02-05 08:00:00,-9.13
2021-02-05 09:00:00,-10.44
2021-02-05 10:00:00,-12.46
2021-02-05 11:00:00,-13.31
2021-02-05 12:00:00,-13.9
2021-02-05 13:00:00,-14.05
2021-02-05 14:00:00,-14.28
2021-02-05 15:00:00,-14.44
2021-02-05 16:00:00,-14.67
2021-02-05 17:00:00,-15.26
2021-02-05 18:00:00,-14.93
2021-02-05 19:00:00,-15.04
2021-02-05 20:00:00,-15.4
2021-02-05 21:00:00,-15.48
2021-02-05 22:00:00,-15.7
2021-02-05 23:00:00,-15.92
2021-02-06 00:00:00,-16.19
2021-02-06 01:00:00,-16.5
2021-02-06 02:00:00,-16.52
2021-02-06 03:00:00,-16.69
2021-02-06 04:00:00,-16.07
2021-02-06 05:00:00,-14.93
2021-02-06 06:00:00,-15.52
2021-02-06 07:00:00,-14.52
2021-02-06 08:00:00,-15.26
2021-02-06 09:00:00,-14.81
2021-02-06 10:00:00,-14.52
2021-02-06 11:00:00,-14.91
2021-02-06 12:00:00,-16.24
2021-02-06 13:00:00,-16.91
2021-02-06 14:00:00,-16.89
2021-02-06 15:00:00,-17.54
2021-02-06 16:00:00,-17.62
2021-02-06 17:00:00,-17.67
2021-02-06 18:00:00,-17.76
2021-02-06 19:00:00,-16.59
2021-02-06 20:00:00,-16.25
2021-02-06 21:00:00,-16.49
2021-02-06 22:00:00,-16.85
2021-02-06 23:00:00,-16.9
2021-02-07 00:00:00,-17.05
2021-02-07 01:00:00,-16.98
2021-02-07 02:00:00,-16.98
2021-02-07 03:00:00,-16.71
2021-02-07 04:00:00,-15.89
2021-02-07 05:00:00,-14.33
2021-02-07 06:00:00,-13.03
2021-02-07 07:00:00,-12.56
2021-02-07 08:00:00,-12.15
2021-02-07 09:00:00,-12.21
2021-02-07 10:00:00,-12.12
2021-02-07 11:00:00,-11.85
2021-02-07 12:00:00,-12.03
2021-02-07 13:00:00,-12.33
2021-02-07 14:00:00,-12.52
2021-02-07 15:00:00,-12.75
2021-02-07 16:00:00,-13.07
2021-02-07 17:00:00,-13.3
2021-02-07 18:00:00,-13.53
2021-02-07 19:00:00,-13.77
2021-02-07 20:00:00,-13.8
2021-02-07 21:00:00,-13.47
2021-02-07 22:00:00,-13.26
2021-02-07 23:00:00,-12.98
2021-02-08 00:00:00,-12.62
2021-02-08 01:00:00,-12.15
2021-02-08 02:00:00,-11.75
2021-02-08 03:00:00,-11.15
2021-02-08 04:00:00,-8.87
2021-02-08 05:00:00,-6.506
2021-02-08 06:00:00,-5.564
2021-02-08 07:00:00,-5.022
2021-02-08 08:00:00,-4.248
2021-02-08 09:00:00,-5.057
2021-02-08 10:00:00,-5.569
2021-02-08 11:00:00,-6.292
2021-02-08 12:00:00,-8.91
2021-02-08 13:00:00,-10.48
2021-02-08 14:00:00,-10.86
2021-02-08 15:00:00,-10.15
2021-02-08 16:00:00,-10.26
2021-02-08 17:00:00,-8.71
2021-02-08 18:00:00,-8.06
2021-02-08 19:00:00,-8.56
2021-02-08 20:00:00,-10.28
2021-02-08 21:00:00,-10.37
2021-02-08 22:00:00,-10.1
2021-02-08 23:00:00,-8.52
2021-02-09 00:00:00,-8.53
2021-02-09 01:00:00,-10.08
2021-02-09 02:00:00,-11.28
2021-02-09 03:00:00,-10.62
2021-02-09 04:00:00,-7.562
2021-02-09 05:00:00,-4.969
2021-02-09 06:00:00,-3.672
2021-02-09 07:00:00,-2.944
2021-02-09 08:00:00,-3.047
2021-02-09 09:00:00,-3.714
2021-02-09 10:00:00,-4.722
2021-02-09 11:00:00,-6.087
2021-02-09 12:00:00,-7.328
2021-02-09 13:00:00,-8.3
2021-02-09 14:00:00,-8.43
2021-02-09 15:00:00,-8.84
2021-02-09 16:00:00,-9.23
2021-02-09 17:00:00,-8.4
2021-02-09 18:00:00,-7.693
2021-02-09 19:00:00,-7.325
2021-02-09 20:00:00,-7.797
2021-02-09 21:00:00,-8.07
2021-02-09 22:00:00,-8.36
2021-02-09 23:00:00,-8.83
2021-02-10 00:00:00,-8.49
2021-02-10 01:00:00,-6.98
2021-02-10 02:00:00,-6.558
2021-02-10 03:00:00,-6.57
2021-02-10 04:00:00,-5.772
2021-02-10 05:00:00,-5.664
2021-02-10 06:00:00,-5.717
2021-02-10 07:00:00,-5.759
2021-02-10 08:00:00,-6.534
2021-02-10 09:00:00,-7.642
2021-02-10 10:00:00,-8.13
2021-02-10 11:00:00,-8.43
2021-02-10 12:00:00,-8.5
2021-02-10 13:00:00,-8.89
2021-02-10 14:00:00,-8.49
2021-02-10 15:00:00,-8.77
2021-02-10 16:00:00,-9.4
2021-02-10 17:00:00,-9.77
2021-02-10 18:00:00,-10.48
2021-02-10 19:00:00,-11.23
2021-02-10 20:00:00,-11.82
2021-02-10 21:00:00,-13.68
2021-02-10 22:00:00,-13.92
2021-02-10 23:00:00,-12.89
2021-02-11 00:00:00,-13.03
2021-02-11 01:00:00,-12.84
2021-02-11 02:00:00,-12.63
2021-02-11 03:00:00,-11.97
2021-02-11 04:00:00,-8.59
2021-02-11 05:00:00,-4.834
2021-02-11 06:00:00,-5.936
2021-02-11 07:00:00,-4.601
2021-02-11 08:00:00,-3.699
2021-02-11 09:00:00,-3.065
2021-02-11 10:00:00,-3.79
2021-02-11 11:00:00,-5.653
2021-02-11 12:00:00,-6.29
2021-02-11 13:00:00,-7.157
2021-02-11 14:00:00,-7.508
2021-02-11 15:00:00,-7.927
2021-02-11 16:00:00,-7.697
2021-02-11 17:00:00,-7.718
2021-02-11 18:00:00,-8.49
2021-02-11 19:00:00,-9.24
2021-02-11 20:00:00,-9.86
2021-02-11 21:00:00,-10.28
2021-02-11 22:00:00,-9.79
2021-02-11 23:00:00,-10.27
2021-02-12 00:00:00,-10.73
2021-02-12 01:00:00,-10.01
2021-02-12 02:00:00,-9.85
2021-02-12 03:00:00,-9.08
2021-02-12 04:00:00,-4.663
2021-02-12 05:00:00,-2.04
2021-02-12 06:00:00,-1.448
2021-02-12 07:00:00,-1.027
2021-02-12 08:00:00,-1.214
2021-02-12 09:00:00,-2.276
2021-02-12 10:00:00,-3.161
2021-02-12 11:00:00,-4.092
2021-02-12 12:00:00,-4.973
2021-02-12 13:00:00,-5.911
2021-02-12 14:00:00,-6
2021-02-12 15:00:00,-6.257
2021-02-12 16:00:00,-6.619
2021-02-12 17:00:00,-7.02
2021-02-12 18:00:00,-6.941
2021-02-12 19:00:00,-7.637
2021-02-12 20:00:00,-8.72
2021-02-12 21:00:00,-9.36
2021-02-12 22:00:00,-9.07
2021-02-12 23:00:00,-8.41
2021-02-13 00:00:00,-9.36
2021-02-13 01:00:00,-9.99
2021-02-13 02:00:00,-9.76
2021-02-13 03:00:00,-9.28
2021-02-13 04:00:00,-6.143
2021-02-13 05:00:00,-4.243
2021-02-13 06:00:00,-3.405
2021-02-13 07:00:00,-2.519
2021-02-13 08:00:00,-2.632
2021-02-13 09:00:00,-2.686
2021-02-13 10:00:00,-3.102
2021-02-13 11:00:00,-4.266
2021-02-13 12:00:00,-5.349
2021-02-13 13:00:00,-6.438
2021-02-13 14:00:00,-6.942
2021-02-13 15:00:00,-7.648
2021-02-13 16:00:00,-8.03
2021-02-13 17:00:00,-8.44
2021-02-13 18:00:00,-8.95
2021-02-13 19:00:00,-10.31
2021-02-13 20:00:00,-10.84
2021-02-13 21:00:00,-10.97
2021-02-13 22:00:00,-11.06
2021-02-13 23:00:00,-10.76
2021-02-14 00:00:00,-10.29
2021-02-14 01:00:00,-10.12
2021-02-14 02:00:00,-10.21
2021-02-14 03:00:00,-9.85
2021-02-14 04:00:00,-8.02
2021-02-14 05:00:00,-6.503
2021-02-14 06:00:00,-5.571
2021-02-14 07:00:00,-5.606
2021-02-14 08:00:00,-5.787
2021-02-14 09:00:00,-5.884
2021-02-14 10:00:00,-7.004
2021-02-14 11:00:00,-8.87
2021-02-14 12:00:00,-9.29
2021-02-14 13:00:00,-11.03
2021-02-14 14:00:00,-12.04
2021-02-14 15:00:00,-12.33
2021-02-14 16:00:00,-12.21
2021-02-14 17:00:00,-12.8
2021-02-14 18:00:00,-13.1
2021-02-14 19:00:00,-13.48
2021-02-14 20:00:00,-13.64
2021-02-14 21:00:00,-14.05
2021-02-14 22:00:00,-14.38
2021-02-14 23:00:00,-14.59
2021-02-15 00:00:00,-14.87
2021-02-15 01:00:00,-15.06
2021-02-15 02:00:00,-14.64
2021-02-15 03:00:00,-13.8
2021-02-15 04:00:00,-10.18
2021-02-15 05:00:00,-8.17
2021-02-15 06:00:00,-6.946
2021-02-15 07:00:00,-6.357
2021-02-15 08:00:00,-6.232
2021-02-15 09:00:00,-6.938
2021-02-15 10:00:00,-7.406
2021-02-15 11:00:00,-8.95
2021-02-15 12:00:00,-10.81
2021-02-15 13:00:00,-11.06
2021-02-15 14:00:00,-11.97
2021-02-15 15:00:00,-12.03
2021-02-15 16:00:00,-12.47
2021-02-15 17:00:00,-12.45
2021-02-15 18:00:00,-13.56
2021-02-15 19:00:00,-13.99
2021-02-15 20:00:00,-14.73
2021-02-15 21:00:00,-14.92
2021-02-15 22:00:00,-14.68
2021-02-15 23:00:00,-14.82
2021-02-16 00:00:00,-14.08
2021-02-16 01:00:00,-13.13
2021-02-16 02:00:00,-13.35
2021-02-16 03:00:00,-13.4
2021-02-16 04:00:00,-11.33
2021-02-16 05:00:00,-10.44
2021-02-16 06:00:00,-10.22
2021-02-16 07:00:00,-10.22
2021-02-16 08:00:00,-10.21
2021-02-16 09:00:00,-10.46
2021-02-16 10:00:00,-10.66
2021-02-16 11:00:00,-10.65
2021-02-16 12:00:00,-10.93
2021-02-16 13:00:00,-10.67
2021-02-16 14:00:00,-10.38
2021-02-16 15:00:00,-12.21
2021-02-16 16:00:00,-15.03
2021-02-16 17:00:00,-15.11
2021-02-16 18:00:00,-15.6
2021-02-16 19:00:00,-15.48
2021-02-16 20:00:00,-15.75
2021-02-16 21:00:00,-14.65
2021-02-16 22:00:00,-15.47
2021-02-16 23:00:00,-16.04
2021-02-17 00:00:00,-15.85
2021-02-17 01:00:00,-15.72
2021-02-17 02:00:00,-15.62
2021-02-17 03:00:00,-16.03
2021-02-17 04:00:00,-12.1
2021-02-17 05:00:00,-11.16
2021-02-17 06:00:00,-9.77
2021-02-17 07:00:00,-8.81
2021-02-17 08:00:00,-8.42
2021-02-17 09:00:00,-8.9
2021-02-17 10:00:00,-9.52
2021-02-17 11:00:00,-10.8
2021-02-17 12:00:00,-12.72
2021-02-17 13:00:00,-13.78
2021-02-17 14:00:00,-13.53
2021-02-17 15:00:00,-13.42
2021-02-17 16:00:00,-13.26
2021-02-17 17:00:00,-13.68
2021-02-17 18:00:00,-13.62
2021-02-17 19:00:00,-13.95
2021-02-17 20:00:00,-14.33
2021-02-17 21:00:00,-15.21
2021-02-17 22:00:00,-16.42
2021-02-17 23:00:00,-16.94
2021-02-18 00:00:00,-17.35
2021-02-18 01:00:00,-17.87
2021-02-18 02:00:00,-18.2
2021-02-18 03:00:00,-18.05
2021-02-18 04:00:00,-14.73
2021-02-18 05:00:00,-13.6
2021-02-18 06:00:00,-12.52
2021-02-18 07:00:00,-11.38
2021-02-18 08:00:00,-10.83
2021-02-18 09:00:00,-10.79
2021-02-18 10:00:00,-11.72
2021-02-18 11:00:00,-12.06
2021-02-18 12:00:00,-13.67
2021-02-18 13:00:00,-14.36
2021-02-18 14:00:00,-14.83
2021-02-18 15:00:00,-14.87
2021-02-18 16:00:00,-15.01
2021-02-18 17:00:00,-15.42
2021-02-18 18:00:00,-15.47
2021-02-18 19:00:00,-15.48
2021-02-18 20:00:00,-15.94
2021-02-18 21:00:00,-16.33
2021-02-18 22:00:00,-17
2021-02-18 23:00:00,-17.56
2021-02-19 00:00:00,-17.69
2021-02-19 01:00:00,-17.91
2021-02-19 02:00:00,-17.29
2021-02-19 03:00:00,-16.86
2021-02-19 04:00:00,-12.97
2021-02-19 05:00:00,-11.28
2021-02-19 06:00:00,-9.83
2021-02-19 07:00:00,-9.36
2021-02-19 08:00:00,-9.28
2021-02-19 09:00:00,-9.17
2021-02-19 10:00:00,-9.43
2021-02-19 11:00:00,-11.08
2021-02-19 12:00:00,-12.43
2021-02-19 13:00:00,-13.75
2021-02-19 14:00:00,-13.78
2021-02-19 15:00:00,-14.16
2021-02-19 16:00:00,-14.44
2021-02-19 17:00:00,-15.11
2021-02-19 18:00:00,-14.7
2021-02-19 19:00:00,-13.26
2021-02-19 20:00:00,-13.23
2021-02-19 21:00:00,-13.19
2021-02-19 22:00:00,-13.26
2021-02-19 23:00:00,-13.23
2021-02-20 00:00:00,-13.31
2021-02-20 01:00:00,-13.17
2021-02-20 02:00:00,-13.38
2021-02-20 03:00:00,-12.56
2021-02-20 04:00:00,-8.55
2021-02-20 05:00:00,-7.437
2021-02-20 06:00:00,-6.279
2021-02-20 07:00:00,-5.607
2021-02-20 08:00:00,-5.076
2021-02-20 09:00:00,-4.51
2021-02-20 10:00:00,-6.561
2021-02-20 11:00:00,-8.01
2021-02-20 12:00:00,-9.03
2021-02-20 13:00:00,-8.7
2021-02-20 14:00:00,-6.684
2021-02-20 15:00:00,-6.573
2021-02-20 16:00:00,-7.691
2021-02-20 17:00:00,-7.782
2021-02-20 18:00:00,-6.223
2021-02-20 19:00:00,-5.938
2021-02-20 20:00:00,-6.53
2021-02-20 21:00:00,-8.27
2021-02-20 22:00:00,-9.07
2021-02-20 23:00:00,-8.5
2021-02-21 00:00:00,-8.77
2021-02-21 01:00:00,-8.71
2021-02-21 02:00:00,-8.45
2021-02-21 03:00:00,-6.613
2021-02-21 04:00:00,-1.64
2021-02-21 05:00:00,-0.969
2021-02-21 06:00:00,-0.793
2021-02-21 07:00:00,-0.727
2021-02-21 08:00:00,-1.294
2021-02-21 09:00:00,-2.077
2021-02-21 10:00:00,-3.209
2021-02-21 11:00:00,-4.78
2021-02-21 12:00:00,-5.456
2021-02-21 13:00:00,-6.261
2021-02-21 14:00:00,-6.81
2021-02-21 15:00:00,-6.166
2021-02-21 16:00:00,-6.83
2021-02-21 17:00:00,-6.834
2021-02-21 18:00:00,-6.577
2021-02-21 19:00:00,-6.692
2021-02-21 20:00:00,-7.067
2021-02-21 21:00:00,-6.965
2021-02-21 22:00:00,-6.832
2021-02-21 23:00:00,-6.851
2021-02-22 00:00:00,-7.093
2021-02-22 01:00:00,-7.122
2021-02-22 02:00:00,-7.003
2021-02-22 03:00:00,-5.961
2021-02-22 04:00:00,-2.485
2021-02-22 05:00:00,-1.879
2021-02-22 06:00:00,-1.536
2021-02-22 07:00:00,-0.269
2021-02-22 08:00:00,-0.293
2021-02-22 09:00:00,-0.857
2021-02-22 10:00:00,-2.123
2021-02-22 11:00:00,-4.12
2021-02-22 12:00:00,-5.578
2021-02-22 13:00:00,-6.215
2021-02-22 14:00:00,-6.345
2021-02-22 15:00:00,-6.811
2021-02-22 16:00:00,-7.173
2021-02-22 17:00:00,-7.504
2021-02-22 18:00:00,-7.652
2021-02-22 19:00:00,-7.83
2021-02-22 20:00:00,-8.16
2021-02-22 21:00:00,-8.46
2021-02-22 22:00:00,-8.63
2021-02-22 23:00:00,-8.29
2021-02-23 00:00:00,-7.215
2021-02-23 01:00:00,-7.883
2021-02-23 02:00:00,-7.818
2021-02-23 03:00:00,-6.538
2021-02-23 04:00:00,-2.841
2021-02-23 05:00:00,-2.094
2021-02-23 06:00:00,-2.191
2021-02-23 07:00:00,-2.061
2021-02-23 08:00:00,-2.851
2021-02-23 09:00:00,-3.927
2021-02-23 10:00:00,-5.607
2021-02-23 11:00:00,-6.998
2021-02-23 12:00:00,-7.802
2021-02-23 13:00:00,-8.5
2021-02-23 14:00:00,-8.78
2021-02-23 15:00:00,-9.12
2021-02-23 16:00:00,-9.78
2021-02-23 17:00:00,-10.06
2021-02-23 18:00:00,-10.63
2021-02-23 19:00:00,-10.15
2021-02-23 20:00:00,-10.75
2021-02-23 21:00:00,-11.44
2021-02-23 22:00:00,-10.17
2021-02-23 23:00:00,-10.1
2021-02-24 00:00:00,-10.1
2021-02-24 01:00:00,-9.87
2021-02-24 02:00:00,-9.77
2021-02-24 03:00:00,-9.06
2021-02-24 04:00:00,-5.306
2021-02-24 05:00:00,-4.43
2021-02-24 06:00:00,-4.043
2021-02-24 07:00:00,-3.736
2021-02-24 08:00:00,-3.966
2021-02-24 09:00:00,-4.845
2021-02-24 10:00:00,-6.394
2021-02-24 11:00:00,-7.002
2021-02-24 12:00:00,-7.939
2021-02-24 13:00:00,-8.38
2021-02-24 14:00:00,-8.72
2021-02-24 15:00:00,-9.03
2021-02-24 16:00:00,-9.35
2021-02-24 17:00:00,-9.66
2021-02-24 18:00:00,-10.58
2021-02-24 19:00:00,-10.84
2021-02-24 20:00:00,-10.84
2021-02-24 21:00:00,-10.97
2021-02-24 22:00:00,-10.27
2021-02-24 23:00:00,-8.6
2021-02-25 00:00:00,-6.913
2021-02-25 01:00:00,-6.512
2021-02-25 02:00:00,-6.532
2021-02-25 03:00:00,-6.148
2021-02-25 04:00:00,-3.165
2021-02-25 05:00:00,-2.985
2021-02-25 06:00:00,-1.629
2021-02-25 07:00:00,-0.488
2021-02-25 08:00:00,-0.536
2021-02-25 09:00:00,-2.02
2021-02-25 10:00:00,-4.114
2021-02-25 11:00:00,-5.421
2021-02-25 12:00:00,-6.146
2021-02-25 13:00:00,-6.938
2021-02-25 14:00:00,-7.003
2021-02-25 15:00:00,-6.795
2021-02-25 16:00:00,-6.975
2021-02-25 17:00:00,-7.312
2021-02-25 18:00:00,-8.07
2021-02-25 19:00:00,-8.41
2021-02-25 20:00:00,-6.418
2021-02-25 21:00:00,-4.821
2021-02-25 22:00:00,-4.589
2021-02-25 23:00:00,-5.078
2021-02-26 00:00:00,-4.631
2021-02-26 01:00:00,-4.157
2021-02-26 02:00:00,-4.444
2021-02-26 03:00:00,-3.046
2021-02-26 04:00:00,0.519
2021-02-26 05:00:00,0.959
2021-02-26 06:00:00,0.017
2021-02-26 07:00:00,0.345
2021-02-26 08:00:00,0.393
2021-02-26 09:00:00,-0.4
2021-02-26 10:00:00,-1.432
2021-02-26 11:00:00,-2.33
2021-02-26 12:00:00,-4.836
2021-02-26 13:00:00,-5.963
2021-02-26 14:00:00,-6.391
2021-02-26 15:00:00,-6.569
2021-02-26 16:00:00,-6.537
2021-02-26 17:00:00,-6.692
2021-02-26 18:00:00,-7
2021-02-26 19:00:00,-7.322
2021-02-26 20:00:00,-7.025
2021-02-26 21:00:00,-5.274
2021-02-26 22:00:00,-2.519
2021-02-26 23:00:00,-0.35
2021-02-27 00:00:00,-2.429
2021-02-27 01:00:00,-3.787
2021-02-27 02:00:00,-3.212
2021-02-27 03:00:00,-0.786
2021-02-27 04:00:00,2.153
2021-02-27 05:00:00,3.251
2021-02-27 06:00:00,1.266
2021-02-27 07:00:00,2.358
2021-02-27 08:00:00,2.028
2021-02-27 09:00:00,1.257
2021-02-27 10:00:00,0.588
2021-02-27 11:00:00,-2.221
2021-02-27 12:00:00,-4.542
2021-02-27 13:00:00,-5.429
2021-02-27 14:00:00,-6.097
2021-02-27 15:00:00,-5.587
2021-02-27 16:00:00,-5.914
2021-02-27 17:00:00,-4.892
2021-02-27 18:00:00,-2.615
2021-02-27 19:00:00,-2.707
2021-02-27 20:00:00,-2.913
2021-02-27 21:00:00,-2.606
2021-02-27 22:00:00,-2.542
2021-02-27 23:00:00,-1.405
2021-02-28 00:00:00,-0.142
2021-02-28 01:00:00,-0.051
2021-02-28 02:00:00,0.356
2021-02-28 03:00:00,1.214
2021-02-28 04:00:00,3.215
2021-02-28 05:00:00,3.826
2021-02-28 06:00:00,4.514
2021-02-28 07:00:00,4.574
2021-02-28 08:00:00,3.96
2021-02-28 09:00:00,3.468
2021-02-28 10:00:00,2.617
2021-02-28 11:00:00,0.851
2021-02-28 12:00:00,-0.216
2021-02-28 13:00:00,-1
2021-02-28 14:00:00,-1.869
2021-02-28 15:00:00,-3.248
2021-02-28 16:00:00,-3.57
2021-02-28 17:00:00,-3.196
2021-02-28 18:00:00,-2.068
2021-02-28 19:00:00,-2.195
2021-02-28 20:00:00,-2.029
2021-02-28 21:00:00,-2.025
2021-02-28 22:00:00,-2.357
2021-02-28 23:00:00,-2.532
2021-03-01 00:00:00,-3.265
2021-03-01 01:00:00,-3.041
2021-03-01 02:00:00,-3.448
2021-03-01 03:00:00,-2.329
2021-03-01 04:00:00,-0.037
2021-03-01 05:00:00,1.055
2021-03-01 06:00:00,1.421
2021-03-01 07:00:00,1.549
2021-03-01 08:00:00,0.964
2021-03-01 09:00:00,0.016
2021-03-01 10:00:00,-1.92
2021-03-01 11:00:00,-3.296
2021-03-01 12:00:00,-4.456
2021-03-01 13:00:00,-4.927
2021-03-01 14:00:00,-4.654
2021-03-01 15:00:00,-4.272
2021-03-01 16:00:00,-4.591
2021-03-01 17:00:00,-5.536
2021-03-01 18:00:00,-6.241
2021-03-01 19:00:00,-6.577
2021-03-01 20:00:00,-5.854
2021-03-01 21:00:00,-4.339
2021-03-01 22:00:00,-6.004
2021-03-01 23:00:00,-7.198
2021-03-02 00:00:00,-7.095
2021-03-02 01:00:00,-7.476
2021-03-02 02:00:00,-7.406
2021-03-02 03:00:00,-4.772
2021-03-02 04:00:00,-1.12
2021-03-02 05:00:00,-1.335
2021-03-02 06:00:00,-1.175
2021-03-02 07:00:00,-1.214
2021-03-02 08:00:00,-1.282
2021-03-02 09:00:00,-2.155
2021-03-02 10:00:00,-3.645
2021-03-02 11:00:00,-6.138
2021-03-02 12:00:00,-7.345
2021-03-02 13:00:00,-8.06
2021-03-02 14:00:00,-8.15
2021-03-02 15:00:00,-7.817
2021-03-02 16:00:00,-6.862
2021-03-02 17:00:00,-4.646
2021-03-02 18:00:00,-5.115
2021-03-02 19:00:00,-5.364
2021-03-02 20:00:00,-5.199
2021-03-02 21:00:00,-5.808
2021-03-02 22:00:00,-5.924
2021-03-02 23:00:00,-6.043
2021-03-03 00:00:00,-6.329
2021-03-03 01:00:00,-6.775
2021-03-03 02:00:00,-7.224
2021-03-03 03:00:00,-5.009
2021-03-03 04:00:00,-1.678
2021-03-03 05:00:00,-1.14
2021-03-03 06:00:00,-0.527
2021-03-03 07:00:00,0.123
2021-03-03 08:00:00,-1.168
2021-03-03 09:00:00,-2.255
2021-03-03 10:00:00,-3.546
2021-03-03 11:00:00,-4.344
2021-03-03 12:00:00,-5.786
2021-03-03 13:00:00,-5.054
2021-03-03 14:00:00,-4.724
2021-03-03 15:00:00,-4.831
2021-03-03 16:00:00,-6.305
2021-03-03 17:00:00,-5.86
2021-03-03 18:00:00,-5.246
2021-03-03 19:00:00,-4.774
2021-03-03 20:00:00,-4.006
2021-03-03 21:00:00,-3.486
2021-03-03 22:00:00,-3.096
2021-03-03 23:00:00,-3.171
2021-03-04 00:00:00,-3.413
2021-03-04 01:00:00,-3.742
2021-03-04 02:00:00,-3.868
2021-03-04 03:00:00,-2.938
2021-03-04 04:00:00,-1.062
2021-03-04 05:00:00,-0.699
2021-03-04 06:00:00,-0.417
2021-03-04 07:00:00,-1.816
2021-03-04 08:00:00,-4.051
2021-03-04 09:00:00,-5.304
2021-03-04 10:00:00,-6.673
2021-03-04 11:00:00,-8.06
2021-03-04 12:00:00,-9.69
2021-03-04 13:00:00,-10.23
2021-03-04 14:00:00,-10.43
2021-03-04 15:00:00,-10.39
2021-03-04 16:00:00,-10.63
2021-03-04 17:00:00,-10.6
2021-03-04 18:00:00,-11.42
2021-03-04 19:00:00,-10.11
2021-03-04 20:00:00,-9.68
2021-03-04 21:00:00,-10
2021-03-04 22:00:00,-10.64
2021-03-04 23:00:00,-10.75
2021-03-05 00:00:00,-10.86
2021-03-05 01:00:00,-11.43
2021-03-05 02:00:00,-11.16
2021-03-05 03:00:00,-9.54
2021-03-05 04:00:00,-7.231
2021-03-05 05:00:00,-5.831
2021-03-05 06:00:00,-5.254
2021-03-05 07:00:00,-5.069
2021-03-05 08:00:00,-5.031
2021-03-05 09:00:00,-5.372
2021-03-05 10:00:00,-6.302
2021-03-05 11:00:00,-7.523
2021-03-05 12:00:00,-9.45
2021-03-05 13:00:00,-10.28
2021-03-05 14:00:00,-10.61
2021-03-05 15:00:00,-10.98
2021-03-05 16:00:00,-10.39
2021-03-05 17:00:00,-10.9
2021-03-05 18:00:00,-11.23
2021-03-05 19:00:00,-11.6
2021-03-05 20:00:00,-11.75
2021-03-05 21:00:00,-11.54
2021-03-05 22:00:00,-9.95
2021-03-05 23:00:00,-9.64
2021-03-06 00:00:00,-9.57
2021-03-06 01:00:00,-10.23
2021-03-06 02:00:00,-11.36
2021-03-06 03:00:00,-9.28
2021-03-06 04:00:00,-7.091
2021-03-06 05:00:00,-5.989
2021-03-06 06:00:00,-5.788
2021-03-06 07:00:00,-5.349
2021-03-06 08:00:00,-5.327
2021-03-06 09:00:00,-5.823
2021-03-06 10:00:00,-7.399
2021-03-06 11:00:00,-8.09
2021-03-06 12:00:00,-8.17
2021-03-06 13:00:00,-7.824
2021-03-06 14:00:00,-7.462
2021-03-06 15:00:00,-7.488
2021-03-06 16:00:00,-7.595
2021-03-06 17:00:00,-7.931
2021-03-06 18:00:00,-8.26
2021-03-06 19:00:00,-8.19
2021-03-06 20:00:00,-8.29
2021-03-06 21:00:00,-8.5
2021-03-06 22:00:00,-9.23
2021-03-06 23:00:00,-9.13
2021-03-07 00:00:00,-10.08
2021-03-07 01:00:00,-10.33
2021-03-07 02:00:00,-10.16
2021-03-07 03:00:00,-6.754
2021-03-07 04:00:00,-3.862
2021-03-07 05:00:00,-2.893
2021-03-07 06:00:00,-3.054
2021-03-07 07:00:00,-3.263
2021-03-07 08:00:00,-3.248
2021-03-07 09:00:00,-4.555
2021-03-07 10:00:00,-5.648
2021-03-07 11:00:00,-6.689
2021-03-07 12:00:00,-7.203
2021-03-07 13:00:00,-8.05
2021-03-07 14:00:00,-7.952
2021-03-07 15:00:00,-8.49
2021-03-07 16:00:00,-8.03
2021-03-07 17:00:00,-8.21
2021-03-07 18:00:00,-9.04
2021-03-07 19:00:00,-9.28
2021-03-07 20:00:00,-8.81
2021-03-07 21:00:00,-9.12
2021-03-07 22:00:00,-9.24
2021-03-07 23:00:00,-9.57
2021-03-08 00:00:00,-9.37
2021-03-08 01:00:00,-9.88
2021-03-08 02:00:00,-9.38
2021-03-08 03:00:00,-6.359
2021-03-08 04:00:00,-3.799
2021-03-08 05:00:00,-3.212
2021-03-08 06:00:00,-2.285
2021-03-08 07:00:00,-2.181
2021-03-08 08:00:00,-1.932
2021-03-08 09:00:00,-2.689
2021-03-08 10:00:00,-3.656
2021-03-08 11:00:00,-6.616
2021-03-08 12:00:00,-7.958
2021-03-08 13:00:00,-8.4
2021-03-08 14:00:00,-9.04
2021-03-08 15:00:00,-9.55
2021-03-08 16:00:00,-10.1
2021-03-08 17:00:00,-9.77
2021-03-08 18:00:00,-10.12
2021-03-08 19:00:00,-10.02
2021-03-08 20:00:00,-9.88
2021-03-08 21:00:00,-9.29
2021-03-08 22:00:00,-9.03
2021-03-08 23:00:00,-10.13
2021-03-09 00:00:00,-10.9
2021-03-09 01:00:00,-10.84
2021-03-09 02:00:00,-10.92
2021-03-09 03:00:00,-7.751
2021-03-09 04:00:00,-5.338
2021-03-09 05:00:00,-4.044
2021-03-09 06:00:00,-2.566
2021-03-09 07:00:00,-2.343
2021-03-09 08:00:00,-2.332
2021-03-09 09:00:00,-3.404
2021-03-09 10:00:00,-4.711
2021-03-09 11:00:00,-5.801
2021-03-09 12:00:00,-7.557
2021-03-09 13:00:00,-8.92
2021-03-09 14:00:00,-9.52
2021-03-09 15:00:00,-9.94
2021-03-09 16:00:00,-10.29
2021-03-09 17:00:00,-10.2
2021-03-09 18:00:00,-10.09
2021-03-09 19:00:00,-9.9
2021-03-09 20:00:00,-9.16
2021-03-09 21:00:00,-9.43
2021-03-09 22:00:00,-10.19
2021-03-09 23:00:00,-10.56
2021-03-10 00:00:00,-10.72
2021-03-10 01:00:00,-11.04
2021-03-10 02:00:00,-10.69
2021-03-10 03:00:00,-7.471
2021-03-10 04:00:00,-5.227
2021-03-10 05:00:00,-3.845
2021-03-10 06:00:00,-2.901
2021-03-10 07:00:00,-3.601
2021-03-10 08:00:00,-3.615
2021-03-10 09:00:00,-4.057
2021-03-10 10:00:00,-4.512
2021-03-10 11:00:00,-5.932
2021-03-10 12:00:00,-7.429
2021-03-10 13:00:00,-8.44
2021-03-10 14:00:00,-9.23
2021-03-10 15:00:00,-9.52
2021-03-10 16:00:00,-9.88
2021-03-10 17:00:00,-10.09
2021-03-10 18:00:00,-10.65
2021-03-10 19:00:00,-10.68
2021-03-10 20:00:00,-9.98
2021-03-10 21:00:00,-8.79
2021-03-10 22:00:00,-9.35
2021-03-10 23:00:00,-8.92
2021-03-11 00:00:00,-9.23
2021-03-11 01:00:00,-9.56
2021-03-11 02:00:00,-9.46
2021-03-11 03:00:00,-7.618
2021-03-11 04:00:00,-6.144
2021-03-11 05:00:00,-5.142
2021-03-11 06:00:00,-4.275
2021-03-11 07:00:00,-3.256
2021-03-11 08:00:00,-3.193
2021-03-11 09:00:00,-3.44
2021-03-11 10:00:00,-4.382
2021-03-11 11:00:00,-5.852
2021-03-11 12:00:00,-7.278
2021-03-11 13:00:00,-8.64
2021-03-11 14:00:00,-8.92
2021-03-11 15:00:00,-9.01
2021-03-11 16:00:00,-8.9
2021-03-11 17:00:00,-9.24
2021-03-11 18:00:00,-9.26
2021-03-11 19:00:00,-9.06
2021-03-11 20:00:00,-8.51
2021-03-11 21:00:00,-7.92
2021-03-11 22:00:00,-8.53
2021-03-11 23:00:00,-9
2021-03-12 00:00:00,-9.27
2021-03-12 01:00:00,-9.09
2021-03-12 02:00:00,-9.3
2021-03-12 03:00:00,-5.901
2021-03-12 04:00:00,-3.014
2021-03-12 05:00:00,-1.834
2021-03-12 06:00:00,-0.909
2021-03-12 07:00:00,-1.149
2021-03-12 08:00:00,-1.997
2021-03-12 09:00:00,-2.081
2021-03-12 10:00:00,-2.441
2021-03-12 11:00:00,-4.684
2021-03-12 12:00:00,-6.131
2021-03-12 13:00:00,-7.194
2021-03-12 14:00:00,-7.717
2021-03-12 15:00:00,-7.592
2021-03-12 16:00:00,-8.01
2021-03-12 17:00:00,-8.38
2021-03-12 18:00:00,-8.55
2021-03-12 19:00:00,-8.36
2021-03-12 20:00:00,-8.38
2021-03-12 21:00:00,-9.42
2021-03-12 22:00:00,-9.84
2021-03-12 23:00:00,-10.25
2021-03-13 00:00:00,-10.69
2021-03-13 01:00:00,-9.61
2021-03-13 02:00:00,-8.83
2021-03-13 03:00:00,-7.403
2021-03-13 04:00:00,-6.61
2021-03-13 05:00:00,-5.374
2021-03-13 06:00:00,-4.861
2021-03-13 07:00:00,-7.017
2021-03-13 08:00:00,-7.177
2021-03-13 09:00:00,-7.045
2021-03-13 10:00:00,-7.204
2021-03-13 11:00:00,-7.892
2021-03-13 12:00:00,-8.36
2021-03-13 13:00:00,-8.74
2021-03-13 14:00:00,-8.9
2021-03-13 15:00:00,-8.96
2021-03-13 16:00:00,-9.14
2021-03-13 17:00:00,-9.28
2021-03-13 18:00:00,-9.47
2021-03-13 19:00:00,-9.99
2021-03-13 20:00:00,-10.7
2021-03-13 21:00:00,-10.94
2021-03-13 22:00:00,-11.57
2021-03-13 23:00:00,-9.93
2021-03-14 00:00:00,-9.5
2021-03-14 01:00:00,-9.06
2021-03-14 02:00:00,-8.81
2021-03-14 03:00:00,-6.339
2021-03-14 04:00:00,-5.041
2021-03-14 05:00:00,-4.044
2021-03-14 06:00:00,-2.527
2021-03-14 07:00:00,-2.583
2021-03-14 08:00:00,-2.393
2021-03-14 09:00:00,-2.412
2021-03-14 10:00:00,-4.006
2021-03-14 11:00:00,-5.478
2021-03-14 12:00:00,-6.473
2021-03-14 13:00:00,-7.248
2021-03-14 14:00:00,-7.479
2021-03-14 15:00:00,-7.867
2021-03-14 16:00:00,-8.18
2021-03-14 17:00:00,-8.64
2021-03-14 18:00:00,-8.86
2021-03-14 19:00:00,-9.12
2021-03-14 20:00:00,-9.03
2021-03-14 21:00:00,-9.11
2021-03-14 22:00:00,-7.477
2021-03-14 23:00:00,-7.421
2021-03-15 00:00:00,-7.369
2021-03-15 01:00:00,-7.843
2021-03-15 02:00:00,-8.69
2021-03-15 03:00:00,-6.005
2021-03-15 04:00:00,-4.687
2021-03-15 05:00:00,-3.927
2021-03-15 06:00:00,-2.748
2021-03-15 07:00:00,-1.861
2021-03-15 08:00:00,-1.505
2021-03-15 09:00:00,-1.924
2021-03-15 10:00:00,-2.394
2021-03-15 11:00:00,-3.569
2021-03-15 12:00:00,-5.275
2021-03-15 13:00:00,-7.141
2021-03-15 14:00:00,-7.902
2021-03-15 15:00:00,-7.403
2021-03-15 16:00:00,-7.609
2021-03-15 17:00:00,-7.409
2021-03-15 18:00:00,-7.17
2021-03-15 19:00:00,-7.149
2021-03-15 20:00:00,-7.326
2021-03-15 21:00:00,-8.31
2021-03-15 22:00:00,-8.1
2021-03-15 23:00:00,-7.557
2021-03-16 00:00:00,-7.304
2021-03-16 01:00:00,-7.339
2021-03-16 02:00:00,-7.346
2021-03-16 03:00:00,-6.284
2021-03-16 04:00:00,-3.902
2021-03-16 05:00:00,-3.016
2021-03-16 06:00:00,-2.385
2021-03-16 07:00:00,-2.652
2021-03-16 08:00:00,-3.657
2021-03-16 09:00:00,-4.832
2021-03-16 10:00:00,-5.895
2021-03-16 11:00:00,-8.08
2021-03-16 12:00:00,-8.45
2021-03-16 13:00:00,-8.75
2021-03-16 14:00:00,-9.2
2021-03-16 15:00:00,-9.57
2021-03-16 16:00:00,-9.93
2021-03-16 17:00:00,-10.88
2021-03-16 18:00:00,-11.35
2021-03-16 19:00:00,-11.26
2021-03-16 20:00:00,-11.35
2021-03-16 21:00:00,-11.87
2021-03-16 22:00:00,-11.86
2021-03-16 23:00:00,-11.77
2021-03-17 00:00:00,-11.76
2021-03-17 01:00:00,-11.63
2021-03-17 02:00:00,-11.03
2021-03-17 03:00:00,-6.197
2021-03-17 04:00:00,-5.027
2021-03-17 05:00:00,-4.193
2021-03-17 06:00:00,-3.613
2021-03-17 07:00:00,-3.301
2021-03-17 08:00:00,-4.108
2021-03-17 09:00:00,-4.957
2021-03-17 10:00:00,-5.021
2021-03-17 11:00:00,-5.167
2021-03-17 12:00:00,-6.258
2021-03-17 13:00:00,-8.53
2021-03-17 14:00:00,-8.57
2021-03-17 15:00:00,-7.653
2021-03-17 16:00:00,-7.384
2021-03-17 17:00:00,-7.497
2021-03-17 18:00:00,-8.37
2021-03-17 19:00:00,-9.32
2021-03-17 20:00:00,-9.9
2021-03-17 21:00:00,-9.35
2021-03-17 22:00:00,-8.65
2021-03-17 23:00:00,-8.79
2021-03-18 00:00:00,-9.02
2021-03-18 01:00:00,-9.06
2021-03-18 02:00:00,-8.71
2021-03-18 03:00:00,-6.577
2021-03-18 04:00:00,-5.068
2021-03-18 05:00:00,-4.042
2021-03-18 06:00:00,-3.588
2021-03-18 07:00:00,-3.712
2021-03-18 08:00:00,-3.664
2021-03-18 09:00:00,-3.947
2021-03-18 10:00:00,-4.021
2021-03-18 11:00:00,-4.561
2021-03-18 12:00:00,-5.697
2021-03-18 13:00:00,-6.435
2021-03-18 14:00:00,-7.523
2021-03-18 15:00:00,-7.419
2021-03-18 16:00:00,-6.735
2021-03-18 17:00:00,-6.76
2021-03-18 18:00:00,-7.577
2021-03-18 19:00:00,-8.55
2021-03-18 20:00:00,-8.66
2021-03-18 21:00:00,-8.39
2021-03-18 22:00:00,-8.85
2021-03-18 23:00:00,-9.06
2021-03-19 00:00:00,-9.56
2021-03-19 01:00:00,-9.49
2021-03-19 02:00:00,-8.72
2021-03-19 03:00:00,-5.143
2021-03-19 04:00:00,-3.869
2021-03-19 05:00:00,-2.19
2021-03-19 06:00:00,-1.548
2021-03-19 07:00:00,-0.823
2021-03-19 08:00:00,-0.727
2021-03-19 09:00:00,-1.232
2021-03-19 10:00:00,-2.201
2021-03-19 11:00:00,-3.555
2021-03-19 12:00:00,-5.061
2021-03-19 13:00:00,-6.215
2021-03-19 14:00:00,-7.366
2021-03-19 15:00:00,-7.62
2021-03-19 16:00:00,-7.203
2021-03-19 17:00:00,-7.621
2021-03-19 18:00:00,-7.582
2021-03-19 19:00:00,-6.782
2021-03-19 20:00:00,-7.368
2021-03-19 21:00:00,-7.88
2021-03-19 22:00:00,-7.806
2021-03-19 23:00:00,-7.946
2021-03-20 00:00:00,-9.2
2021-03-20 01:00:00,-9.44
2021-03-20 02:00:00,-8.75
2021-03-20 03:00:00,-6.943
2021-03-20 04:00:00,-5.732
2021-03-20 05:00:00,-4.739
2021-03-20 06:00:00,-4.557
2021-03-20 07:00:00,-5.431
2021-03-20 08:00:00,-6.803
2021-03-20 09:00:00,-7.599
2021-03-20 10:00:00,-6.934
2021-03-20 11:00:00,-8.02
2021-03-20 12:00:00,-8.74
2021-03-20 13:00:00,-9.07
2021-03-20 14:00:00,-9.31
2021-03-20 15:00:00,-9.86
2021-03-20 16:00:00,-10.3
2021-03-20 17:00:00,-11.1
2021-03-20 18:00:00,-11.55
2021-03-20 19:00:00,-12.05
2021-03-20 20:00:00,-12.2
2021-03-20 21:00:00,-12.64
2021-03-20 22:00:00,-12.71
2021-03-20 23:00:00,-13.22
2021-03-21 00:00:00,-13.38
2021-03-21 01:00:00,-12.99
2021-03-21 02:00:00,-12.3
2021-03-21 03:00:00,-7.729
2021-03-21 04:00:00,-6.614
2021-03-21 05:00:00,-6.01
2021-03-21 06:00:00,-5.708
2021-03-21 07:00:00,-5.29
2021-03-21 08:00:00,-4.695
2021-03-21 09:00:00,-4.418
2021-03-21 10:00:00,-5.091
2021-03-21 11:00:00,-5.797
2021-03-21 12:00:00,-6.768
2021-03-21 13:00:00,-8.28
2021-03-21 14:00:00,-9.32
2021-03-21 15:00:00,-9.56
2021-03-21 16:00:00,-9.88
2021-03-21 17:00:00,-10.23
2021-03-21 18:00:00,-10.76
2021-03-21 19:00:00,-11
2021-03-21 20:00:00,-11.46
2021-03-21 21:00:00,-11.64
2021-03-21 22:00:00,-11.99
2021-03-21 23:00:00,-11.72
2021-03-22 00:00:00,-11.49
2021-03-22 01:00:00,-11.51
2021-03-22 02:00:00,-11.07
2021-03-22 03:00:00,-7.385
2021-03-22 04:00:00,-5.989
2021-03-22 05:00:00,-4.254
2021-03-22 06:00:00,-3.05
2021-03-22 07:00:00,-3.846
2021-03-22 08:00:00,-4.525
2021-03-22 09:00:00,-3.697
2021-03-22 10:00:00,-3.433
2021-03-22 11:00:00,-4.85
2021-03-22 12:00:00,-5.99
2021-03-22 13:00:00,-7.356
2021-03-22 14:00:00,-8.25
2021-03-22 15:00:00,-8.42
2021-03-22 16:00:00,-8.33
2021-03-22 17:00:00,-7.483
2021-03-22 18:00:00,-7.463
2021-03-22 19:00:00,-7.697
2021-03-22 20:00:00,-7.886
2021-03-22 21:00:00,-8.24
2021-03-22 22:00:00,-8.18
2021-03-22 23:00:00,-8.2
2021-03-23 00:00:00,-7.878
2021-03-23 01:00:00,-8.07
2021-03-23 02:00:00,-8.92
2021-03-23 03:00:00,-5.3
2021-03-23 04:00:00,-4.314
2021-03-23 05:00:00,-3.21
2021-03-23 06:00:00,-2.239
2021-03-23 07:00:00,-1.581
2021-03-23 08:00:00,-1.71
2021-03-23 09:00:00,-1.649
2021-03-23 10:00:00,-2.691
2021-03-23 11:00:00,-4.524
2021-03-23 12:00:00,-5.911
2021-03-23 13:00:00,-6.959
2021-03-23 14:00:00,-7.38
2021-03-23 15:00:00,-7.571
2021-03-23 16:00:00,-7.606
2021-03-23 17:00:00,-7.795
2021-03-23 18:00:00,-8.07
2021-03-23 19:00:00,-7.994
2021-03-23 20:00:00,-8.03
2021-03-23 21:00:00,-8.22
2021-03-23 22:00:00,-8.81
2021-03-23 23:00:00,-9.14
2021-03-24 00:00:00,-8.97
2021-03-24 01:00:00,-10
2021-03-24 02:00:00,-9.87
2021-03-24 03:00:00,-6.087
2021-03-24 04:00:00,-4.773
2021-03-24 05:00:00,-3.609
2021-03-24 06:00:00,-3.713
2021-03-24 07:00:00,-4.437
2021-03-24 08:00:00,-5.684
2021-03-24 09:00:00,-5.048
2021-03-24 10:00:00,-6.274
2021-03-24 11:00:00,-6.69
2021-03-24 12:00:00,-7.729
2021-03-24 13:00:00,-8.57
2021-03-24 14:00:00,-9.67
2021-03-24 15:00:00,-10.15
2021-03-24 16:00:00,-10.44
2021-03-24 17:00:00,-10.68
2021-03-24 18:00:00,-10.41
2021-03-24 19:00:00,-10.46
2021-03-24 20:00:00,-10.86
2021-03-24 21:00:00,-11.29
2021-03-24 22:00:00,-12.21
2021-03-24 23:00:00,-9.84
2021-03-25 00:00:00,-9.73
2021-03-25 01:00:00,-10.08
2021-03-25 02:00:00,-10.14
2021-03-25 03:00:00,-7.422
2021-03-25 04:00:00,-5.834
2021-03-25 05:00:00,-5.253
2021-03-25 06:00:00,-4.182
2021-03-25 07:00:00,-3.584
2021-03-25 08:00:00,-3.488
2021-03-25 09:00:00,-3.939
2021-03-25 10:00:00,-4.243
2021-03-25 11:00:00,-5.231
2021-03-25 12:00:00,-6.664
2021-03-25 13:00:00,-8.39
2021-03-25 14:00:00,-7.961
2021-03-25 15:00:00,-7.415
2021-03-25 16:00:00,-7.101
2021-03-25 17:00:00,-7.177
2021-03-25 18:00:00,-7.592
2021-03-25 19:00:00,-7.764
2021-03-25 20:00:00,-7.813
2021-03-25 21:00:00,-8.63
2021-03-25 22:00:00,-9.98
2021-03-25 23:00:00,-10.46
2021-03-26 00:00:00,-10.45
2021-03-26 01:00:00,-10.04
2021-03-26 02:00:00,-9.26
2021-03-26 03:00:00,-5.71
2021-03-26 04:00:00,-4.805
2021-03-26 05:00:00,-4.001
2021-03-26 06:00:00,-3.346
2021-03-26 07:00:00,-2.659
2021-03-26 08:00:00,-3.135
2021-03-26 09:00:00,-2.227
2021-03-26 10:00:00,-2.575
2021-03-26 11:00:00,-3.645
2021-03-26 12:00:00,-5.078
2021-03-26 13:00:00,-6.745
2021-03-26 14:00:00,-7.434
2021-03-26 15:00:00,-7.443
2021-03-26 16:00:00,-7.845
2021-03-26 17:00:00,-7.83
2021-03-26 18:00:00,-7.711
2021-03-26 19:00:00,-7.922
2021-03-26 20:00:00,-7.98
2021-03-26 21:00:00,-8.22
2021-03-26 22:00:00,-8.66
2021-03-26 23:00:00,-8.76
2021-03-27 00:00:00,-8.74
2021-03-27 01:00:00,-8.36
2021-03-27 02:00:00,-8.1
2021-03-27 03:00:00,-3.765
2021-03-27 04:00:00,-2.767
2021-03-27 05:00:00,-1.724
2021-03-27 06:00:00,-0.554
2021-03-27 07:00:00,-0.665
2021-03-27 08:00:00,-1.201
2021-03-27 09:00:00,-2.043
2021-03-27 10:00:00,-2.89
2021-03-27 11:00:00,-3.993
2021-03-27 12:00:00,-4.845
2021-03-27 13:00:00,-6.251
2021-03-27 14:00:00,-6.753
2021-03-27 15:00:00,-7.087
2021-03-27 16:00:00,-7.327
2021-03-27 17:00:00,-7.511
2021-03-27 18:00:00,-8.79
2021-03-27 19:00:00,-10.15
2021-03-27 20:00:00,-10.53
2021-03-27 21:00:00,-10.98
2021-03-27 22:00:00,-11.19
2021-03-27 23:00:00,-11.15
2021-03-28 00:00:00,-11.58
2021-03-28 01:00:00,-11.74
2021-03-28 02:00:00,-10.79
2021-03-28 03:00:00,-7.268
2021-03-28 04:00:00,-5.894
2021-03-28 05:00:00,-4.571
2021-03-28 06:00:00,-3.052
2021-03-28 07:00:00,-2.416
2021-03-28 08:00:00,-2.556
2021-03-28 09:00:00,-3.787
2021-03-28 10:00:00,-6.254
2021-03-28 11:00:00,-7.302
2021-03-28 12:00:00,-7.913
2021-03-28 13:00:00,-8.74
2021-03-28 14:00:00,-8.6
2021-03-28 15:00:00,-9.15
2021-03-28 16:00:00,-9.87
2021-03-28 17:00:00,-10.84
2021-03-28 18:00:00,-10.53
2021-03-28 19:00:00,-10.74
2021-03-28 20:00:00,-11.03
2021-03-28 21:00:00,-10.67
2021-03-28 22:00:00,-11.26
2021-03-28 23:00:00,-11.68
2021-03-29 00:00:00,-11.16
2021-03-29 01:00:00,-10.98
2021-03-29 02:00:00,-10.71
2021-03-29 03:00:00,-5.604
2021-03-29 04:00:00,-4.773
2021-03-29 05:00:00,-4.69
2021-03-29 06:00:00,-4.18
2021-03-29 07:00:00,-3.172
2021-03-29 08:00:00,-3.264
2021-03-29 09:00:00,-4.306
2021-03-29 10:00:00,-5.372
2021-03-29 11:00:00,-5.706
2021-03-29 12:00:00,-6.628
2021-03-29 13:00:00,-7.108
2021-03-29 14:00:00,-7.584
2021-03-29 15:00:00,-7.595
2021-03-29 16:00:00,-7.765
2021-03-29 17:00:00,-7.976
2021-03-29 18:00:00,-8.52
2021-03-29 19:00:00,-8.52
2021-03-29 20:00:00,-8.47
2021-03-29 21:00:00,-9.33
2021-03-29 22:00:00,-10.05
2021-03-29 23:00:00,-10.49
2021-03-30 00:00:00,-11.06
2021-03-30 01:00:00,-10.35
2021-03-30 02:00:00,-9.28
2021-03-30 03:00:00,-4.979
2021-03-30 04:00:00,-3.296
2021-03-30 05:00:00,-4.056
2021-03-30 06:00:00,-4.1
2021-03-30 07:00:00,-3.029
2021-03-30 08:00:00,-3.164
2021-03-30 09:00:00,-3.413
2021-03-30 10:00:00,-5.109
2021-03-30 11:00:00,-5.952
2021-03-30 12:00:00,-6.266
2021-03-30 13:00:00,-6.553
2021-03-30 14:00:00,-6.792
2021-03-30 15:00:00,-6.677
2021-03-30 16:00:00,-6.191
2021-03-30 17:00:00,-5.72
2021-03-30 18:00:00,-5.978
2021-03-30 19:00:00,-6.168
2021-03-30 20:00:00,-6.629
2021-03-30 21:00:00,-6.856
2021-03-30 22:00:00,-6.922
2021-03-30 23:00:00,-6.713
2021-03-31 00:00:00,-7.497
2021-03-31 01:00:00,-7.622
2021-03-31 02:00:00,-7.181
2021-03-31 03:00:00,-3.992
2021-03-31 04:00:00,-2.733
2021-03-31 05:00:00,-1.392
2021-03-31 06:00:00,-0.682
2021-03-31 07:00:00,-2.106
2021-03-31 08:00:00,-3.04
2021-03-31 09:00:00,-4.048
2021-03-31 10:00:00,-5.153
2021-03-31 11:00:00,-5.813
2021-03-31 12:00:00,-6.036
2021-03-31 13:00:00,-6.292
2021-03-31 14:00:00,-6.585
2021-03-31 15:00:00,-6.632
2021-03-31 16:00:00,-6.608
2021-03-31 17:00:00,-4.979
2021-03-31 18:00:00,-5.014
2021-03-31 19:00:00,-6.89
2021-03-31 20:00:00,-7.928
2021-03-31 21:00:00,-7.838
2021-03-31 22:00:00,-7.712
2021-03-31 23:00:00,-7.673
