"Date","CNY","JPY"
"2010-01-04",6.8169,92.495003
"2010-01-05",6.817,91.584999
"2010-01-06",6.8183,92.356003
"2010-01-07",6.8178,93.389999
"2010-01-08",6.8175,92.660004
"2010-01-11",6.8165,92.092003
"2010-01-12",6.8166,91.080002
"2010-01-13",6.8168,91.432999
"2010-01-14",6.817,91.266998
"2010-01-15",6.817,90.75
"2010-01-18",6.8168,90.705002
"2010-01-19",6.8168,91.198997
"2010-01-20",6.8173,91.192001
"2010-01-21",6.8177,90.392998
"2010-01-22",6.817,89.809998
"2010-01-25",6.8169,90.415001
"2010-01-26",6.8166,89.629997
"2010-01-27",6.817,89.949997
"2010-01-28",6.8169,89.778
"2010-01-29",6.8169,90.269997
"2010-02-01",6.817,90.760002
"2010-02-02",6.815,90.428001
"2010-02-03",6.8169,90.839996
"2010-02-04",6.8169,89.410004
"2010-02-05",6.8185,89.220001
"2010-02-08",6.817,89.220001
"2010-02-09",6.8166,89.767998
"2010-02-10",6.819,89.93
"2010-02-11",6.8238,89.809998
"2010-02-12",6.8235,89.949997
"2010-02-15",6.8234,90.050003
"2010-02-16",6.8234,90.244003
"2010-02-17",6.8234,91.050003
"2010-02-18",6.8234,91.976997
"2010-02-19",6.8191,91.540001
"2010-02-22",6.8179,91.235001
"2010-02-23",6.8182,90.160004
"2010-02-24",6.817,90.278999
"2010-02-25",6.8169,89.269997
"2010-02-26",6.8167,88.920998
"2010-03-01",6.8164,89.150002
"2010-03-02",6.8175,88.739998
"2010-03-03",6.8159,88.57
"2010-03-04",6.8166,89.160004
"2010-03-05",6.8165,90.220001
"2010-03-08",6.817,90.286003
"2010-03-09",6.8174,89.988998
"2010-03-10",6.8161,90.470001
"2010-03-11",6.8162,90.648003
"2010-03-12",6.8154,90.540001
"2010-03-15",6.8161,90.32
"2010-03-16",6.816,90.290001
"2010-03-17",6.817,90.403
"2010-03-18",6.8175,90.480003
"2010-03-19",6.8165,90.519997
"2010-03-22",6.8168,90.339996
"2010-03-23",6.8166,90.365997
"2010-03-24",6.8171,92.014
"2010-03-25",6.8174,92.513
"2010-03-26",6.817,92.507004
"2010-03-29",6.8167,92.489998
"2010-03-30",6.8161,92.82
"2010-03-31",6.8159,93.519997
"2010-04-01",6.8164,93.849998
"2010-04-02",6.8164,94.529999
"2010-04-05",6.8164,94.330002
"2010-04-06",6.816,93.793999
"2010-04-07",6.8154,93.308998
"2010-04-08",6.8155,93.419998
"2010-04-09",6.8134,93.160004
"2010-04-12",6.8159,93.182999
"2010-04-13",6.8161,93.18
"2010-04-14",6.8159,93.318001
"2010-04-15",6.8158,93.040001
"2010-04-16",6.8161,92.150002
"2010-04-19",6.816,92.459999
"2010-04-20",6.8159,93.170998
"2010-04-21",6.8171,93.054001
"2010-04-22",6.8164,93.398003
"2010-04-23",6.818,93.949997
"2010-04-26",6.8176,93.900002
"2010-04-27",6.8166,93.143997
"2010-04-28",6.815,93.959999
"2010-04-29",6.8158,94.013
"2010-04-30",6.816,93.830002
"2010-05-03",6.815,94.692001
"2010-05-04",6.8163,94.709999
"2010-05-05",6.8171,93.780998
"2010-05-06",6.8168,90.830002
"2010-05-07",6.8157,91.580002
"2010-05-10",6.8166,93.18
"2010-05-11",6.8177,92.489998
"2010-05-12",6.8176,93.168999
"2010-05-13",6.8176,92.777
"2010-05-14",6.8166,92.459999
"2010-05-17",6.8177,92.550003
"2010-05-18",6.817,91.901001
"2010-05-19",6.8175,91.540001
"2010-05-20",6.8179,89.370003
"2010-05-21",6.8163,89.986
"2010-05-24",6.8163,90.190002
"2010-05-25",6.8213,90.332001
"2010-05-26",6.818,89.970001
"2010-05-27",6.8205,90.878998
"2010-05-28",6.8203,91.052002
"2010-05-31",6.8181,91.190002
"2010-06-01",6.8188,91.099998
"2010-06-02",6.8213,92.190002
"2010-06-03",6.82,92.623001
"2010-06-04",6.8187,91.879997
"2010-06-07",6.8206,91.515999
"2010-06-08",6.8195,91.410004
"2010-06-09",6.8192,91.364998
"2010-06-10",6.8191,91.308998
"2010-06-11",6.8223,91.620003
"2010-06-14",6.8233,91.620003
"2010-06-15",6.8233,91.473999
"2010-06-16",6.8233,91.396004
"2010-06-17",6.8193,90.839996
"2010-06-18",6.8186,90.699997
"2010-06-21",6.7871,90.995003
"2010-06-22",6.802,90.540001
"2010-06-23",6.8004,89.910004
"2010-06-24",6.791,89.629997
"2010-06-25",6.7822,89.150002
"2010-06-28",6.7841,89.313004
"2010-06-29",6.789,88.649002
"2010-06-30",6.772,88.43
"2010-07-01",6.771,87.599998
"2010-07-02",6.7616,87.790001
"2010-07-05",6.7664,87.625
"2010-07-06",6.7705,87.480003
"2010-07-07",6.768,87.68
"2010-07-08",6.7656,88.410004
"2010-07-09",6.7638,88.57
"2010-07-12",6.7617,88.639
"2010-07-13",6.7623,88.792999
"2010-07-14",6.7631,88.269997
"2010-07-15",6.7655,87.339996
"2010-07-16",6.7646,86.559998
"2010-07-19",6.769,86.760002
"2010-07-20",6.7685,87.241997
"2010-07-21",6.7685,86.861
"2010-07-22",6.7681,87.124001
"2010-07-23",6.7695,87.519997
"2010-07-26",6.7696,86.998001
"2010-07-27",6.7676,87.816002
"2010-07-28",6.7683,87.452003
"2010-07-29",6.767,86.682999
"2010-07-30",6.7652,86.440002
"2010-08-02",6.7643,86.598
"2010-08-03",6.7637,85.779999
"2010-08-04",6.7637,85.779999
"2010-08-05",6.763,86.300003
"2010-08-06",6.7615,85.833
"2010-08-09",6.7583,85.344002
"2010-08-10",6.7555,85.897003
"2010-08-11",6.763,85.360001
"2010-08-12",6.7637,85.171997
"2010-08-13",6.7748,86.073997
"2010-08-16",6.786,86.139999
"2010-08-17",6.7941,85.306999
"2010-08-18",6.7823,85.595001
"2010-08-19",6.78,85.440002
"2010-08-20",6.78,85.344002
"2010-08-23",6.7808,85.559998
"2010-08-24",6.79,85.140999
"2010-08-25",6.7869,84.178001
"2010-08-26",6.7895,84.683998
"2010-08-27",6.7902,84.346001
"2010-08-30",6.788,85.500999
"2010-08-31",6.7933,84.531998
"2010-09-01",6.7988,84.139999
"2010-09-02",6.8009,84.406998
"2010-09-03",6.796,84.25
"2010-09-06",6.7933,84.43
"2010-09-07",6.777,84.120003
"2010-09-08",6.7811,83.732002
"2010-09-09",6.7867,83.949997
"2010-09-10",6.7728,83.93
"2010-09-13",6.7606,84.306999
"2010-09-14",6.7497,83.681
"2010-09-15",6.736,83.047997
"2010-09-16",6.7295,85.699997
"2010-09-17",6.7145,85.848
"2010-09-20",6.7169,85.690002
"2010-09-21",6.7038,85.702003
"2010-09-22",6.6967,85.112999
"2010-09-23",6.694,84.480003
"2010-09-24",6.694,84.510002
"2010-09-27",6.694,84.316002
"2010-09-28",6.6823,84.275002
"2010-09-29",6.6809,83.891998
"2010-09-30",6.6784,83.765999
"2010-10-01",6.6831,83.57
"2010-10-04",6.68,83.333
"2010-10-05",6.68,83.502998
"2010-10-06",6.68,83.190002
"2010-10-07",6.6818,82.967003
"2010-10-08",6.68,82.379997
"2010-10-11",6.662,81.82
"2010-10-12",6.659,82.088997
"2010-10-13",6.6645,81.779999
"2010-10-14",6.656,81.797997
"2010-10-15",6.6434,81.470001
"2010-10-18",6.631,81.377998
"2010-10-19",6.6342,81.197998
"2010-10-20",6.6346,81.542
"2010-10-21",6.6405,81.055
"2010-10-22",6.6388,81.300003
"2010-10-25",6.649,81.308998
"2010-10-26",6.6482,80.824997
"2010-10-27",6.6515,81.336998
"2010-10-28",6.6694,81.679001
"2010-10-29",6.6765,81.679001
"2010-11-01",6.6607,80.405998
"2010-11-02",6.6829,80.558998
"2010-11-03",6.6686,80.667999
"2010-11-04",6.6652,81.050003
"2010-11-05",6.6523,80.776001
"2010-11-08",6.6458,81.139999
"2010-11-09",6.6712,81.089996
"2010-11-10",6.6335,81.583
"2010-11-11",6.6245,82.204002
"2010-11-12",6.615,82.410004
"2010-11-15",6.6282,82.470001
"2010-11-16",6.6331,83.162003
"2010-11-17",6.6295,83.379997
"2010-11-18",6.6333,83.099998
"2010-11-19",6.6234,83.540001
"2010-11-22",6.628,83.485001
"2010-11-23",6.6323,83.290001
"2010-11-24",6.6343,83.268997
"2010-11-25",6.644,83.519997
"2010-11-26",6.6395,83.629997
"2010-11-29",6.658,84.156998
"2010-11-30",6.6505,84.253998
"2010-12-01",6.6571,83.678001
"2010-12-02",6.6532,84.123001
"2010-12-03",6.6513,83.749001
"2010-12-06",6.6533,82.779999
"2010-12-07",6.638,82.669998
"2010-12-08",6.6357,83.478996
"2010-12-09",6.6513,84.099998
"2010-12-10",6.645,83.816002
"2010-12-13",6.6473,83.973
"2010-12-14",6.6564,83.440002
"2010-12-15",6.645,83.790001
"2010-12-16",6.645,84.268997
"2010-12-17",6.656,84.050003
"2010-12-20",6.646,84.010002
"2010-12-21",6.6648,83.771004
"2010-12-22",6.6485,83.790001
"2010-12-23",6.636,83.559998
"2010-12-24",6.6375,83.019997
"2010-12-27",6.6375,82.918999
"2010-12-28",6.6224,82.720001
"2010-12-29",6.616,82.356003
"2010-12-30",6.6124,81.617996
"2010-12-31",6.6124,81.480003
"2011-01-03",6.5916,81.123001
"2011-01-04",6.58,81.669998
"2011-01-05",6.597,82.038002
"2011-01-06",6.5775,83.189003
"2011-01-07",6.6165,83.300003
"2011-01-10",6.6175,83.029999
"2011-01-11",6.626,82.709999
"2011-01-12",6.61,83.339996
"2011-01-13",6.5942,83.07
"2011-01-14",6.5957,82.762001
"2011-01-17",6.5792,82.887001
"2011-01-18",6.5833,82.669998
"2011-01-19",6.5746,82.612
"2011-01-20",6.5727,82.154999
"2011-01-21",6.5766,82.919998
"2011-01-24",6.5736,82.585999
"2011-01-25",6.5724,82.542
"2011-01-26",6.5726,82.260002
"2011-01-27",6.572,82.163002
"2011-01-28",6.5719,82.885002
"2011-01-31",6.5725,82.088997
"2011-02-01",6.5948,82.07
"2011-02-02",6.5848,81.390999
"2011-02-03",6.5485,81.492996
"2011-02-04",6.5485,81.650002
"2011-02-07",6.5485,82.220001
"2011-02-08",6.5526,82.289001
"2011-02-09",6.5445,82.303001
"2011-02-10",6.5802,82.418999
"2011-02-11",6.5745,83.339996
"2011-02-14",6.5798,83.444
"2011-02-15",6.5853,83.413002
"2011-02-16",6.5814,83.716003
"2011-02-17",6.5786,83.610001
"2011-02-18",6.5737,83.290001
"2011-02-21",6.5655,83.080002
"2011-02-22",6.5599,83.066002
"2011-02-23",6.569,82.760002
"2011-02-24",6.566,82.438004
"2011-02-25",6.5645,82.046997
"2011-02-28",6.563,81.622002
"2011-03-01",6.5595,81.873001
"2011-03-02",6.561,81.898003
"2011-03-03",6.5627,81.828003
"2011-03-04",6.5624,82.366997
"2011-03-07",6.559,82.343002
"2011-03-08",6.5465,82.292
"2011-03-09",6.5573,82.800003
"2011-03-10",6.5505,82.833
"2011-03-11",6.5633,82.917999
"2011-03-14",6.5655,81.283997
"2011-03-15",6.5604,81.82
"2011-03-16",6.5624,81.056
"2011-03-17",6.5616,79.127998
"2011-03-18",6.5672,79.5
"2011-03-21",6.5594,81.014999
"2011-03-22",6.555,81.209
"2011-03-23",6.5425,81.039001
"2011-03-24",6.548,80.866997
"2011-03-25",6.5505,81.014
"2011-03-28",6.55,81.448997
"2011-03-29",6.5545,81.760002
"2011-03-30",6.5529,82.411003
"2011-03-31",6.5486,83.150002
"2011-04-01",6.5355,83.360001
"2011-04-04",6.5392,84.220001
"2011-04-05",6.53,84.129997
"2011-04-06",6.5305,85.160004
"2011-04-07",6.5358,85.32
"2011-04-08",6.5344,84.959999
"2011-04-11",6.5264,85.040001
"2011-04-12",6.5275,84.629997
"2011-04-13",6.5317,83.599998
"2011-04-14",6.5237,83.782997
"2011-04-18",6.5204,83.147003
"2011-04-19",6.5189,82.334
"2011-04-20",6.5223,82.580002
"2011-04-21",6.5152,82.440002
"2011-04-22",6.5152,81.897003
"2011-04-25",6.484,81.870003
"2011-04-26",6.484,81.839996
"2011-04-27",6.5179,81.511002
"2011-04-28",6.5018,82.204002
"2011-04-29",6.501,81.529999
"2011-05-02",6.4814,81.226997
"2011-05-03",6.492,81.18
"2011-05-04",6.502,80.969002
"2011-05-05",6.4925,80.639999
"2011-05-06",6.4841,80.417
"2011-05-09",6.4825,80.734001
"2011-05-10",6.493,80.241997
"2011-05-11",6.4915,81.011002
"2011-05-12",6.493,81.010002
"2011-05-13",6.4985,81.040001
"2011-05-16",6.4865,80.817001
"2011-05-17",6.5077,80.781998
"2011-05-18",6.496,81.420998
"2011-05-19",6.505,81.661003
"2011-05-20",6.504,81.713997
"2011-05-23",6.4842,81.739998
"2011-05-24",6.504,81.957001
"2011-05-25",6.4975,82.047997
"2011-05-26",6.493,82.022003
"2011-05-27",6.49,81.269997
"2011-05-30",6.4812,80.831001
"2011-05-31",6.4738,80.879997
"2011-06-01",6.479,81.453003
"2011-06-02",6.478,80.893997
"2011-06-03",6.4828,80.970001
"2011-06-06",6.4698,80.220001
"2011-06-07",6.4693,80.120003
"2011-06-08",6.481,80.169998
"2011-06-09",6.475,79.889999
"2011-06-10",6.476,80.290001
"2011-06-13",6.4723,80.339996
"2011-06-14",6.483,80.176003
"2011-06-15",6.4697,80.540001
"2011-06-16",6.4722,80.879997
"2011-06-17",6.474,80.577003
"2011-06-20",6.462,80.075996
"2011-06-21",6.478,80.234001
"2011-06-22",6.466,80.221001
"2011-06-23",6.4629,80.383003
"2011-06-24",6.467,80.440002
"2011-06-27",6.4639,80.459999
"2011-06-28",6.4815,80.849998
"2011-06-29",6.469,81.080002
"2011-06-30",6.463,80.709999
"2011-07-01",6.4635,80.599998
"2011-07-04",6.4553,80.879997
"2011-07-05",6.4509,80.733002
"2011-07-06",6.466,81.07
"2011-07-07",6.467,80.938004
"2011-07-08",6.465,81.230003
"2011-07-11",6.4562,80.650002
"2011-07-12",6.467,80.290001
"2011-07-13",6.4621,79.318001
"2011-07-14",6.4947,78.919998
"2011-07-15",6.4338,79.18
"2011-07-18",5.863,79.112999
"2011-07-19",6.4688,79.050003
"2011-07-20",6.4634,79.125999
"2011-07-21",6.4467,78.753998
"2011-07-22",6.4515,78.584
"2011-07-25",6.4366,78.379997
"2011-07-26",6.444,78.300003
"2011-07-27",6.4375,77.914001
"2011-07-28",6.4429,77.93
"2011-07-29",6.443,77.730003
"2011-08-01",6.4287,77.212997
"2011-08-02",6.4256,77.459999
"2011-08-03",6.4292,77.334999
"2011-08-04",6.427,77.112
"2011-08-05",6.4278,79.290001
"2011-08-08",6.4307,78.253998
"2011-08-09",6.4253,77.584999
"2011-08-10",6.421,77.050003
"2011-08-11",6.4077,76.759003
"2011-08-12",6.3822,76.860001
"2011-08-15",6.3813,76.82
"2011-08-16",6.3803,76.839996
"2011-08-17",6.3736,76.753998
"2011-08-18",6.3778,76.546997
"2011-08-19",6.3875,76.637001
"2011-08-22",6.382,76.786003
"2011-08-23",6.4,76.832001
"2011-08-24",6.395,76.660004
"2011-08-25",6.388,77.053001
"2011-08-26",6.39,77.434998
"2011-08-29",6.3762,76.681999
"2011-08-30",6.366,76.932999
"2011-08-31",6.3803,76.700996
"2011-09-01",6.378,76.730003
"2011-09-02",6.381,76.860001
"2011-09-05",6.3715,76.902
"2011-09-06",6.3777,76.902
"2011-09-07",6.39,77.617996
"2011-09-08",6.392,77.301003
"2011-09-09",6.38,77.508003
"2011-09-12",6.3776,77.462997
"2011-09-13",6.402,77.18
"2011-09-14",6.3985,76.931999
"2011-09-15",6.396,76.677002
"2011-09-16",6.388,76.734001
"2011-09-19",6.382,76.910004
"2011-09-20",6.3805,76.596001
"2011-09-21",6.384,76.462997
"2011-09-22",6.3811,76.538002
"2011-09-23",6.3805,76.306
"2011-09-26",6.3801,76.540001
"2011-09-27",6.401,76.335999
"2011-09-28",6.397,76.807999
"2011-09-29",6.393,76.540001
"2011-09-30",6.3875,76.764999
"2011-10-03",6.3825,77.190002
"2011-10-04",6.395,76.592003
"2011-10-05",6.365,76.760002
"2011-10-06",6.365,76.781998
"2011-10-07",6.369,76.657997
"2011-10-10",6.365,76.769997
"2011-10-11",6.3385,76.660004
"2011-10-12",6.3655,76.667
"2011-10-13",6.359,77.18
"2011-10-14",6.382,76.879997
"2011-10-17",6.3708,77.220001
"2011-10-18",6.37,76.831001
"2011-10-19",6.383,76.777
"2011-10-20",6.381,76.800003
"2011-10-21",6.3727,76.860001
"2011-10-24",6.3735,76.209999
"2011-10-25",6.378,76.132004
"2011-10-26",6.366,76.109001
"2011-10-27",6.354,76.183998
"2011-10-28",6.361,75.93
"2011-10-31",6.3488,75.739998
"2011-11-01",6.3452,78.307999
"2011-11-02",6.3463,78.306
"2011-11-03",6.3471,78.139
"2011-11-04",6.3398,78.053001
"2011-11-07",6.3303,78.129997
"2011-11-08",6.35,78.077003
"2011-11-09",6.347,77.708
"2011-11-10",6.343,77.758003
"2011-11-11",6.347,77.652
"2011-11-14",6.3328,77.155998
"2011-11-15",6.3455,77.079002
"2011-11-16",6.3368,77.059998
"2011-11-17",6.3355,77.060997
"2011-11-18",6.3409,76.958
"2011-11-21",6.3476,76.838997
"2011-11-22",6.3511,76.900002
"2011-11-23",6.3517,76.970001
"2011-11-24",6.3475,77.272003
"2011-11-25",6.3525,77.166
"2011-11-28",6.3722,77.667
"2011-11-29",6.3764,78.081001
"2011-11-30",6.3651,77.959999
"2011-12-01",6.378,77.583
"2011-12-02",6.37,77.75
"2011-12-05",6.3525,78.080002
"2011-12-06",6.34,77.811996
"2011-12-07",6.334,77.75
"2011-12-08",6.368,77.672997
"2011-12-09",6.355,77.68
"2011-12-12",6.3545,77.612
"2011-12-13",6.3655,77.939003
"2011-12-14",6.3615,77.960999
"2011-12-15",6.371,78.108002
"2011-12-16",6.373,77.839996
"2011-12-19",6.3385,77.809998
"2011-12-20",6.3,78.010002
"2011-12-21",6.347,77.839996
"2011-12-22",6.3312,78.07
"2011-12-23",6.322,78.160004
"2011-12-26",6.34,78.080002
"2011-12-27",6.3274,78.029999
"2011-12-28",6.32,77.870003
"2011-12-29",6.317,77.945999
"2011-12-30",6.309,77.658997
"2012-01-02",6.285,77.019997
"2012-01-03",6.284,76.93
"2012-01-04",6.297,76.722
"2012-01-05",6.296,76.709999
"2012-01-06",6.3085,77.151001
"2012-01-09",6.2994,76.910004
"2012-01-10",6.313,76.860001
"2012-01-11",6.312,76.849998
"2012-01-12",6.316,76.858002
"2012-01-13",6.3178,76.778999
"2012-01-16",6.296,76.910004
"2012-01-17",6.3061,76.82
"2012-01-18",6.317,76.82
"2012-01-19",6.311,76.766998
"2012-01-20",6.3072,77.080002
"2012-01-23",6.3246,76.959999
"2012-01-24",6.314,77
"2012-01-25",6.322,77.686996
"2012-01-26",6.3135,77.769997
"2012-01-27",6.334,77.459999
"2012-01-30",6.324,76.732002
"2012-01-31",6.3136,76.360001
"2012-02-01",6.3086,76.269997
"2012-02-02",6.3068,76.189003
"2012-02-03",6.3042,76.18
"2012-02-06",6.3046,76.551003
"2012-02-07",6.3115,76.550003
"2012-02-08",6.3085,76.790001
"2012-02-09",6.2984,77.059998
"2012-02-10",6.2954,77.632004
"2012-02-13",6.2933,77.699997
"2012-02-14",6.2951,77.510002
"2012-02-15",6.2972,78.360001
"2012-02-16",6.2981,78.480003
"2012-02-17",6.3011,78.823997
"2012-02-20",6.2977,79.788002
"2012-02-21",6.2994,79.585999
"2012-02-22",6.2968,79.830002
"2012-02-23",6.2959,80.279999
"2012-02-24",6.2985,79.93
"2012-02-27",6.2972,81.471001
"2012-02-28",6.3018,80.463997
"2012-02-29",6.2984,80.480003
"2012-03-01",6.2943,81.276001
"2012-03-02",6.2992,81.120003
"2012-03-05",6.2984,81.626999
"2012-03-06",6.3077,81.517998
"2012-03-07",6.3144,80.660004
"2012-03-08",6.3102,81.337997
"2012-03-09",6.3165,81.580002
"2012-03-12",6.311,82.373001
"2012-03-13",6.3252,82.362999
"2012-03-14",6.3267,82.959999
"2012-03-15",6.3317,83.839996
"2012-03-16",6.3292,83.491997
"2012-03-19",6.3229,83.449997
"2012-03-20",6.3186,83.370003
"2012-03-21",6.3207,83.650002
"2012-03-22",6.3198,83.203003
"2012-03-23",6.3001,82.510002
"2012-03-26",6.3045,82.588997
"2012-03-27",6.306,82.987
"2012-03-28",6.3031,83.047997
"2012-03-29",6.3016,82.832001
"2012-03-30",6.306,82.273003
"2012-04-02",6.2953,82.870003
"2012-04-03",6.2956,81.540001
"2012-04-04",6.2952,82.830002
"2012-04-05",6.2962,82.440002
"2012-04-06",6.3107,82.269997
"2012-04-09",6.3065,81.330002
"2012-04-10",6.3067,81.642998
"2012-04-11",6.3095,80.694
"2012-04-12",6.3067,81.008003
"2012-04-13",6.3058,80.93
"2012-04-16",6.2992,80.902
"2012-04-17",6.3123,80.380997
"2012-04-18",6.3003,81.059998
"2012-04-19",6.3011,81.300003
"2012-04-20",6.303,81.609001
"2012-04-23",6.3074,81.599998
"2012-04-24",6.3057,81.080002
"2012-04-25",6.3053,81.389999
"2012-04-26",6.3015,81.300003
"2012-04-27",6.2952,81.057999
"2012-04-30",6.3042,80.349998
"2012-05-01",6.2864,79.920998
"2012-05-02",6.2875,80.209999
"2012-05-03",6.291,80.121002
"2012-05-04",6.2886,80.209999
"2012-05-07",6.291,79.818001
"2012-05-08",6.2986,79.919998
"2012-05-09",6.3082,79.860001
"2012-05-10",6.3098,79.709999
"2012-05-11",6.3144,79.869003
"2012-05-14",6.3104,80.029999
"2012-05-15",6.3214,79.849998
"2012-05-16",6.3185,80.324997
"2012-05-17",6.3181,80.349998
"2012-05-18",6.3207,79.407997
"2012-05-21",6.3283,79.169998
"2012-05-22",6.3237,79.410004
"2012-05-23",6.3187,80.003998
"2012-05-24",6.3305,79.419998
"2012-05-25",6.3403,79.660004
"2012-05-28",6.3409,79.589996
"2012-05-29",6.339,79.560997
"2012-05-30",6.3415,79.5
"2012-05-31",6.3507,78.982002
"2012-06-01",6.3686,78.528
"2012-06-04",6.3697,78.099998
"2012-06-05",6.3641,78.361
"2012-06-06",6.3675,78.730003
"2012-06-07",6.3639,79.269997
"2012-06-08",6.3688,79.690002
"2012-06-11",6.3739,79.559998
"2012-06-12",6.3728,79.306999
"2012-06-13",6.3707,79.527
"2012-06-14",6.3522,79.372002
"2012-06-15",6.3736,79.421997
"2012-06-18",6.3668,79.052002
"2012-06-19",6.3576,79
"2012-06-20",6.3547,79.033997
"2012-06-21",6.3499,79.420998
"2012-06-22",6.3649,80.019997
"2012-06-25",6.3642,80.559998
"2012-06-26",6.3634,79.650002
"2012-06-27",6.3627,79.459999
"2012-06-28",6.3576,79.684998
"2012-06-29",6.3574,79.313004
"2012-07-02",6.3541,79.838997
"2012-07-03",6.3487,79.440002
"2012-07-04",6.3527,79.839996
"2012-07-05",6.3476,79.940002
"2012-07-06",6.356,79.860001
"2012-07-09",6.3648,79.477997
"2012-07-10",6.3713,79.557999
"2012-07-11",6.3657,79.349998
"2012-07-12",6.3716,79.610001
"2012-07-13",6.3763,79.309998
"2012-07-16",6.3927,79.169998
"2012-07-17",6.3788,78.82
"2012-07-18",6.3733,79.096001
"2012-07-19",6.3694,78.799004
"2012-07-20",6.3731,78.739998
"2012-07-23",6.3739,78.449997
"2012-07-24",6.3861,78.310997
"2012-07-25",6.3876,78.107002
"2012-07-26",6.3886,78.102997
"2012-07-27",6.3841,78.323997
"2012-07-30",6.3808,78.5
"2012-07-31",6.3796,78.100998
"2012-08-01",6.3618,78.120003
"2012-08-02",6.3688,78.379997
"2012-08-03",6.3676,78.220001
"2012-08-06",6.3715,78.610001
"2012-08-07",6.374,78.199997
"2012-08-08",6.3667,78.610001
"2012-08-09",6.3614,78.400002
"2012-08-10",6.3623,78.610001
"2012-08-13",6.3594,78.25
"2012-08-14",6.3626,78.330002
"2012-08-15",6.3589,78.815002
"2012-08-16",6.3623,78.989998
"2012-08-17",6.3663,79.25
"2012-08-20",6.3585,79.510002
"2012-08-21",6.3593,79.330002
"2012-08-22",6.3563,79.241997
"2012-08-23",6.3519,78.539001
"2012-08-24",6.3548,78.599998
"2012-08-27",6.3548,78.730003
"2012-08-28",6.357,78.75
"2012-08-29",6.355,78.57
"2012-08-30",6.3519,78.720001
"2012-08-31",6.3502,78.529999
"2012-09-03",6.3486,78.290001
"2012-09-04",6.3421,78.338997
"2012-09-05",6.3474,78.470001
"2012-09-06",6.3493,78.419998
"2012-09-07",6.3432,78.889999
"2012-09-10",6.3428,78.219002
"2012-09-11",6.3377,78.225998
"2012-09-12",6.3351,77.75
"2012-09-13",6.3274,77.830002
"2012-09-14",6.33,77.648003
"2012-09-17",6.3153,78.333
"2012-09-18",6.3075,78.672997
"2012-09-19",6.3186,78.769997
"2012-09-20",6.31,78.397003
"2012-09-21",6.303,78.199997
"2012-09-24",6.3055,78.080002
"2012-09-25",6.3094,77.863998
"2012-09-26",6.3059,77.727997
"2012-09-27",6.3018,77.697998
"2012-09-28",6.3024,77.610001
"2012-10-01",6.2848,77.959
"2012-10-02",6.2848,78.041
"2012-10-03",6.3242,78.214996
"2012-10-04",6.3225,78.415001
"2012-10-05",6.3221,78.484001
"2012-10-08",6.3241,78.702003
"2012-10-09",6.2871,78.286003
"2012-10-10",6.2885,78.219002
"2012-10-11",6.299,78.074997
"2012-10-12",6.2778,78.402
"2012-10-15",6.266,78.468002
"2012-10-16",6.2697,78.789001
"2012-10-17",6.2637,78.824997
"2012-10-18",6.2544,79.059998
"2012-10-19",6.2515,79.307999
"2012-10-22",6.2536,79.257004
"2012-10-23",6.2546,79.989998
"2012-10-24",6.2513,79.82
"2012-10-25",6.2478,79.837997
"2012-10-26",6.2464,80.235001
"2012-10-29",6.2624,79.650002
"2012-10-30",6.244,79.764
"2012-10-31",6.2419,79.683998
"2012-11-01",6.2375,79.860001
"2012-11-02",6.2401,80.220001
"2012-11-05",6.2448,80.5
"2012-11-06",6.2408,80.160004
"2012-11-07",6.2456,80.290001
"2012-11-08",6.2438,79.970001
"2012-11-09",6.2678,79.478996
"2012-11-12",6.2447,79.459999
"2012-11-13",6.2192,79.598
"2012-11-14",6.234,79.459999
"2012-11-15",6.2305,80.199997
"2012-11-16",6.2363,81.120003
"2012-11-19",6.2399,81.526001
"2012-11-20",6.239,81.349998
"2012-11-21",6.2328,81.754997
"2012-11-22",6.2314,82.573997
"2012-11-23",6.2375,82.359001
"2012-11-26",6.2313,82.545998
"2012-11-27",6.2256,81.873001
"2012-11-28",6.2224,82.080002
"2012-11-29",6.2275,82.150002
"2012-11-30",6.2314,82.151001
"2012-12-03",6.2266,82.456001
"2012-12-04",6.2286,82.133003
"2012-12-05",6.2255,81.816002
"2012-12-06",6.2256,82.435997
"2012-12-07",6.2284,82.43
"2012-12-10",6.2244,82.559998
"2012-12-11",6.2198,82.349998
"2012-12-12",6.2452,82.519997
"2012-12-13",6.2538,83.209999
"2012-12-14",6.2466,83.667
"2012-12-17",6.2452,84.157997
"2012-12-18",6.2413,83.903
"2012-12-19",6.2363,84.361
"2012-12-20",6.2333,84.225998
"2012-12-21",6.2347,84.419998
"2012-12-24",6.2346,84.410004
"2012-12-25",6.2359,84.839996
"2012-12-26",6.2343,85
"2012-12-27",6.2356,85.667999
"2012-12-28",6.2398,86.507004
"2012-12-31",6.2348,85.959999
"2013-01-01",6.2306,86.720001
"2013-01-02",6.2376,86.599998
"2013-01-03",6.2332,87.275002
"2013-01-04",6.2325,87.739998
"2013-01-07",6.2305,88.197998
"2013-01-08",6.2298,87.252998
"2013-01-09",6.2242,86.867996
"2013-01-10",6.2252,88.133003
"2013-01-11",6.2246,89.246002
"2013-01-14",6.2162,89.523003
"2013-01-15",6.2223,89.459999
"2013-01-16",6.2134,88.75
"2013-01-17",6.2195,88.629997
"2013-01-18",6.2183,89.820999
"2013-01-21",6.2054,90.181
"2013-01-22",6.2207,89.599998
"2013-01-23",6.2226,88.528999
"2013-01-24",6.2216,88.580002
"2013-01-25",6.2193,90.557999
"2013-01-28",6.2195,91.179001
"2013-01-29",6.2235,90.459999
"2013-01-30",6.2258,90.790001
"2013-01-31",6.2195,91.021004
"2013-02-01",6.2178,91.707001
"2013-02-04",6.2304,92.769997
"2013-02-05",6.2304,92.153
"2013-02-06",6.2278,93.57
"2013-02-07",6.2291,93.434998
"2013-02-08",6.233,93.633003
"2013-02-11",6.253,92.535004
"2013-02-12",6.2328,94.191002
"2013-02-13",6.2325,93.305
"2013-02-14",6.2328,93.255997
"2013-02-15",6.2326,92.957001
"2013-02-18",6.2244,93.722
"2013-02-19",6.2428,93.650002
"2013-02-20",6.2435,93.708
"2013-02-21",6.2407,93.660004
"2013-02-22",6.239,93.150002
"2013-02-25",6.2223,94.220001
"2013-02-26",6.2329,92.397003
"2013-02-27",6.2285,92.110001
"2013-02-28",6.2262,92.303001
"2013-03-01",6.2224,92.582001
"2013-03-04",6.2204,93.564003
"2013-03-05",6.2225,93.401001
"2013-03-06",6.2222,93.289001
"2013-03-07",6.2187,93.927002
"2013-03-08",6.2194,94.928001
"2013-03-11",6.2724,96.169998
"2013-03-12",6.2217,96.619003
"2013-03-13",6.214,95.82
"2013-03-14",6.2132,96.019997
"2013-03-15",6.2139,95.961998
"2013-03-18",6.2875,94.889
"2013-03-19",6.2143,95.343002
"2013-03-20",6.2138,95.050003
"2013-03-21",6.2089,95.955002
"2013-03-22",6.2129,94.910004
"2013-03-25",6.1722,94.828003
"2013-03-26",6.2103,93.962997
"2013-03-27",6.2121,94.635002
"2013-03-28",6.2147,94.316002
"2013-03-29",6.2126,94.190002
"2013-04-01",6.2161,94.281998
"2013-04-02",6.1956,93.18
"2013-04-03",6.1987,93.362
"2013-04-04",6.2007,92.889
"2013-04-05",6.2028,96.436996
"2013-04-08",6.1674,98.750999
"2013-04-09",6.2025,99.279999
"2013-04-10",6.2041,98.949997
"2013-04-11",6.1944,99.666
"2013-04-12",6.1948,99.621002
"2013-04-15",6.1985,98.405998
"2013-04-16",6.186,96.800003
"2013-04-17",6.1821,97.610001
"2013-04-18",6.1722,98.028999
"2013-04-19",6.2114,98.203003
"2013-04-22",6.1912,99.796997
"2013-04-23",6.1843,99.160004
"2013-04-24",6.1794,99.677002
"2013-04-25",6.1804,99.419998
"2013-04-26",6.1721,99.342003
"2013-04-29",6.1578,97.842003
"2013-04-30",6.1652,97.863998
"2013-05-01",6.1652,97.268997
"2013-05-02",6.1641,97.132004
"2013-05-03",6.1552,97.945999
"2013-05-06",6.1532,99.099998
"2013-05-07",6.1666,99.344002
"2013-05-08",6.1535,98.776001
"2013-05-09",6.1255,98.877998
"2013-05-10",6.1303,100.764999
"2013-05-13",6.1317,101.922997
"2013-05-14",6.1366,101.667
"2013-05-15",6.1328,102.209999
"2013-05-16",6.1359,102.258003
"2013-05-17",6.139,102.135002
"2013-05-20",6.1313,102.700996
"2013-05-21",6.1289,102.166
"2013-05-22",6.1256,102.442001
"2013-05-23",6.1211,103.176003
"2013-05-24",6.124,102.410004
"2013-05-27",6.1216,101.060997
"2013-05-28",6.1112,101.105003
"2013-05-29",6.1115,102.445999
"2013-05-30",6.1167,100.916
"2013-05-31",6.1209,101.099998
"2013-06-03",6.1248,100.475998
"2013-06-04",6.1217,99.737999
"2013-06-05",6.1187,100.25
"2013-06-06",6.1178,98.952003
"2013-06-07",6.1262,97.327003
"2013-06-10",6.1262,98.237999
"2013-06-11",6.1262,98.848999
"2013-06-12",6.1262,96.101997
"2013-06-13",6.1235,95.929001
"2013-06-14",6.1244,95.494003
"2013-06-17",6.1208,94.241997
"2013-06-18",6.115,94.68
"2013-06-19",6.1185,95.516998
"2013-06-20",6.1169,96.589996
"2013-06-21",6.1182,97.140999
"2013-06-24",6.1234,98.422997
"2013-06-25",6.1351,97.530998
"2013-06-26",6.1353,98.147003
"2013-06-27",6.201302,97.769997
"2013-06-28",6.229775,98.475998
"2013-07-01",6.1276,99.379997
"2013-07-02",6.1227,99.656998
"2013-07-03",6.123,100.733002
"2013-07-04",6.1208,99.956001
"2013-07-05",6.1158,100.220001
"2013-07-08",6.1226,101.386002
"2013-07-09",6.1238,100.849998
"2013-07-10",6.1195,101.153
"2013-07-11",6.1241,98.551003
"2013-07-12",6.1252,99.040001
"2013-07-15",6.1275,99.196999
"2013-07-16",6.1276,99.945999
"2013-07-17",6.125,99.160004
"2013-07-18",6.1253,99.660004
"2013-07-19",6.1313,100.522003
"2013-07-22",6.1279,100.389
"2013-07-23",6.1309,99.323997
"2013-07-24",6.1274,99.497002
"2013-07-25",6.126,100.452003
"2013-07-26",6.1247,99.275002
"2013-07-29",6.1217,97.959999
"2013-07-30",6.1225,98.042999
"2013-07-31",6.1217,98.015999
"2013-08-01",6.1189,97.833
"2013-08-02",6.1205,99.419998
"2013-08-05",6.1195,98.934998
"2013-08-06",6.1147,98.232002
"2013-08-07",6.1117,97.307999
"2013-08-08",6.1092,96.57
"2013-08-09",6.1114,96.739998
"2013-08-12",6.1119,96.043999
"2013-08-13",6.1123,97.199997
"2013-08-14",6.1118,98.153
"2013-08-15",6.1096,97.852997
"2013-08-16",6.1025,97.055
"2013-08-19",6.105,97.667
"2013-08-20",6.1129,97.579002
"2013-08-21",6.1146,97.309998
"2013-08-22",6.1134,97.809998
"2013-08-23",6.1111,98.878998
"2013-08-26",6.111,98.705002
"2013-08-27",6.1112,98.258003
"2013-08-28",6.1117,96.891998
"2013-08-29",6.1104,97.727997
"2013-08-30",6.1105,98.292
"2013-09-02",6.1095,98.385002
"2013-09-03",6.1096,99.57
"2013-09-04",6.1106,99.554001
"2013-09-05",6.1101,99.727997
"2013-09-06",6.1099,100.115997
"2013-09-09",6.1105,99.976997
"2013-09-10",6.111,99.719002
"2013-09-11",6.11,100.285004
"2013-09-12",6.1085,99.830002
"2013-09-13",6.108,99.578003
"2013-09-16",6.1088,99.014999
"2013-09-17",6.1103,99.07
"2013-09-18",6.1115,99.127998
"2013-09-19",6.1112,98.209999
"2013-09-20",6.1112,99.389999
"2013-09-23",6.1112,99.277
"2013-09-24",6.111,98.739998
"2013-09-25",6.1109,98.745003
"2013-09-26",6.11,98.434998
"2013-09-27",6.1114,98.904999
"2013-09-30",6.1099,97.827003
"2013-10-01",6.1115,98.400002
"2013-10-02",6.1115,97.926003
"2013-10-03",6.1115,97.300003
"2013-10-04",6.1115,97.259003
"2013-10-07",6.1115,97.290001
"2013-10-09",6.1111,96.901001
"2013-10-10",6.1111,97.478996
"2013-10-11",6.1058,98.184998
"2013-10-14",6.1106,98.314003
"2013-10-15",6.0979,98.650002
"2013-10-16",6.0927,98.543999
"2013-10-17",6.0898,98.940002
"2013-10-18",6.0882,97.989998
"2013-10-21",6.0868,97.927002
"2013-10-22",6.0826,98.194
"2013-10-23",6.0827,98.133003
"2013-10-24",6.0735,97.419998
"2013-10-25",6.072,97.385002
"2013-10-28",6.074,97.57
"2013-10-29",6.0755,97.620003
"2013-10-30",6.0802,98.194
"2013-10-31",6.0838,98.507004
"2013-11-01",6.0845,98.320999
"2013-11-04",6.0895,98.692001
"2013-11-05",6.089,98.626999
"2013-11-06",6.0868,98.456001
"2013-11-07",6.0827,98.650002
"2013-11-08",6.0809,98.170998
"2013-11-11",6.0806,99.198997
"2013-11-12",6.0814,99.138
"2013-11-13",6.082,99.616997
"2013-11-14",6.0829,99.218002
"2013-11-15",6.0822,100.239998
"2013-11-18",6.0822,100.353996
"2013-11-19",6.0821,99.862999
"2013-11-20",6.083,100.181
"2013-11-21",6.0828,100.207001
"2013-11-22",6.0829,101.319
"2013-11-25",6.0837,101.290001
"2013-11-26",6.0826,101.349998
"2013-11-27",6.0827,101.234001
"2013-11-28",6.0824,102.209999
"2013-11-29",6.0824,102.292
"2013-12-02",6.0832,102.471001
"2013-12-03",6.083,102.932999
"2013-12-04",6.0824,102.350998
"2013-12-05",6.0816,102.403999
"2013-12-06",6.0813,101.741997
"2013-12-09",6.0718,103.130997
"2013-12-10",6.0623,103.265999
"2013-12-11",6.061,102.797997
"2013-12-12",6.0617,102.508003
"2013-12-13",6.0615,103.540001
"2013-12-16",6.0613,103.269997
"2013-12-17",6.0615,103.027
"2013-12-18",6.0611,102.624001
"2013-12-19",6.0618,104.212997
"2013-12-20",6.0613,104.276001
"2013-12-23",6.0614,104.029999
"2013-12-24",6.0602,104.176003
"2013-12-25",6.0615,104.300003
"2013-12-26",6.0615,104.524002
"2013-12-27",6.0615,104.878998
"2013-12-30",6.0587,105.32
"2013-12-31",6.0518,104.933998
"2014-01-01",6.044,105.300003
"2014-01-02",6.044,105.323997
"2014-01-03",6.0407,104.833
"2014-01-06",6.0415,104.912003
"2014-01-07",6.0427,104.209999
"2014-01-08",6.0412,104.711998
"2014-01-09",6.0413,104.844002
"2014-01-10",6.045,104.830002
"2014-01-13",6.0422,103.948997
"2014-01-14",6.0333,103.115997
"2014-01-15",6.0312,104.179001
"2014-01-16",6.036,104.570999
"2014-01-17",6.0458,104.294998
"2014-01-20",6.0403,104.237999
"2014-01-21",6.0428,104.224998
"2014-01-22",6.0406,104.223
"2014-01-23",6.0413,104.635002
"2014-01-24",6.0418,103.370003
"2014-01-27",6.0389,102.050003
"2014-01-28",6.0381,102.661003
"2014-01-29",6.0409,103.231003
"2014-01-30",6.0456,102.300003
"2014-01-31",6.051,102.758003
"2014-02-03",6.051,102.192001
"2014-02-04",6.051,101.141998
"2014-02-05",6.051,101.689003
"2014-02-06",6.051,101.466003
"2014-02-07",6.051,102.039001
"2014-02-10",6.0534,102.524002
"2014-02-11",6.0494,102.133003
"2014-02-12",6.0506,102.519997
"2014-02-13",6.0524,102.469002
"2014-02-14",6.0536,102.188004
"2014-02-17",6.0569,101.564003
"2014-02-18",6.0541,102.061996
"2014-02-19",6.0574,102.332001
"2014-02-20",6.0665,102.310997
"2014-02-21",6.0735,102.311996
"2014-02-24",6.0815,102.513
"2014-02-25",6.0885,102.482002
"2014-02-26",6.1146,102.150002
"2014-02-27",6.1148,102.299004
"2014-02-28",6.1184,102.110001
"2014-03-03",6.1351,101.305
"2014-03-04",6.1363,101.412003
"2014-03-05",6.1336,102.178001
"2014-03-06",6.128,102.366997
"2014-03-07",6.1086,103.031998
"2014-03-10",6.1161,103.190002
"2014-03-11",6.1286,103.236
"2014-03-12",6.1302,102.839996
"2014-03-13",6.1351,102.782997
"2014-03-14",6.1262,101.779999
"2014-03-17",6.1403,101.330002
"2014-03-18",6.1682,101.859001
"2014-03-19",6.1821,101.440002
"2014-03-20",6.194,102.468002
"2014-03-21",6.2176,102.406998
"2014-03-24",6.2151,102.240997
"2014-03-25",6.1859,102.207001
"2014-03-26",6.1917,102.285004
"2014-03-27",6.1994,101.903
"2014-03-28",6.2029,102.147003
"2014-03-31",6.2022,102.889
"2014-04-01",6.2072,103.213997
"2014-04-02",6.1969,103.633003
"2014-04-03",6.1957,103.866997
"2014-04-04",6.2007,103.896004
"2014-04-07",6.2023,103.32
"2014-04-08",6.2023,103.069
"2014-04-09",6.1869,101.955002
"2014-04-10",6.1906,102.107002
"2014-04-11",6.2026,101.379997
"2014-04-14",6.2014,101.442001
"2014-04-15",6.2091,101.903999
"2014-04-16",6.212,101.876999
"2014-04-17",6.2114,102.200996
"2014-04-18",6.2091,102.443001
"2014-04-21",6.2091,102.559998
"2014-04-22",6.2091,102.669998
"2014-04-23",6.2276,102.621002
"2014-04-24",6.2277,102.480003
"2014-04-25",6.2389,102.302002
"2014-04-28",6.2437,102.105003
"2014-04-29",6.243,102.515999
"2014-04-30",6.2481,102.564003
"2014-05-01",6.2494,102.220001
"2014-05-02",6.2494,102.265999
"2014-05-05",6.2494,102.199997
"2014-05-06",6.2356,102.139999
"2014-05-07",6.2158,101.693001
"2014-05-08",6.2244,101.872002
"2014-05-09",6.2181,101.593002
"2014-05-12",6.2177,101.900002
"2014-05-13",6.2276,102.184998
"2014-05-14",6.2191,102.232002
"2014-05-15",6.219,101.815002
"2014-05-16",6.2207,101.499001
"2014-05-19",6.2235,101.542
"2014-05-20",6.2275,101.5
"2014-05-21",6.2281,101.262001
"2014-05-22",6.2238,101.419998
"2014-05-23",6.2251,101.764999
"2014-05-26",6.2266,101.961998
"2014-05-27",6.2295,101.893997
"2014-05-28",6.2391,101.976997
"2014-05-29",6.244,101.730003
"2014-05-30",6.228,101.720001
"2014-06-02",6.2379,101.875999
"2014-06-03",6.2379,102.419998
"2014-06-04",6.2446,102.540001
"2014-06-05",6.2404,102.681
"2014-06-06",6.2468,102.422997
"2014-06-09",6.2405,102.480003
"2014-06-10",6.2303,102.480003
"2014-06-11",6.2145,102.314003
"2014-06-12",6.2181,102
"2014-06-13",6.2085,101.699997
"2014-06-16",6.1995,101.967003
"2014-06-17",6.217,101.870003
"2014-06-18",6.2168,102.174004
"2014-06-19",6.2214,101.889999
"2014-06-20",6.2192,101.93
"2014-06-23",6.2145,102.066002
"2014-06-24",6.2155,101.870003
"2014-06-25",6.2211,101.910004
"2014-06-26",6.2244,101.800003
"2014-06-27",6.214,101.637001
"2014-06-30",6.2085,101.443001
"2014-07-01",6.1938,101.290001
"2014-07-02",6.19,101.540001
"2014-07-03",6.2006,101.830002
"2014-07-04",6.202,102.18
"2014-07-07",6.1941,102.110001
"2014-07-08",6.1938,101.800003
"2014-07-09",6.1915,101.459999
"2014-07-10",6.1899,101.535004
"2014-07-11",6.1928,101.282997
"2014-07-14",6.1936,101.370003
"2014-07-15",6.1961,101.519997
"2014-07-16",6.198,101.660004
"2014-07-17",6.194,101.629997
"2014-07-18",6.1938,101.230003
"2014-07-21",6.198,101.339996
"2014-07-22",6.1993,101.400002
"2014-07-23",6.193,101.470001
"2014-07-24",6.1888,101.519997
"2014-07-25",6.1847,101.760002
"2014-07-28",6.1817,101.749001
"2014-07-29",6.1775,101.809998
"2014-07-30",6.1705,102.075996
"2014-07-31",6.1615,102.839996
"2014-08-01",6.164,102.773003
"2014-08-04",6.1698,102.563004
"2014-08-05",6.1685,102.542
"2014-08-06",6.1607,102.588997
"2014-08-07",6.153,102.112999
"2014-08-08",6.1521,102.128998
"2014-08-11",6.1462,102.154999
"2014-08-12",6.1435,102.205002
"2014-08-13",6.148,102.281998
"2014-08-14",6.1436,102.407997
"2014-08-15",6.1425,102.496002
"2014-08-18",6.1373,102.410004
"2014-08-19",6.133,102.610001
"2014-08-20",6.1313,102.910004
"2014-08-21",6.13,103.700996
"2014-08-22",6.1415,103.848999
"2014-08-25",6.1415,104.200996
"2014-08-26",6.1444,104.07
"2014-08-27",6.1426,104.089996
"2014-08-28",6.1333,103.877998
"2014-08-29",6.1328,103.695999
"2014-09-01",6.1334,104.167999
"2014-09-02",6.132,104.339996
"2014-09-03",6.1383,105.237
"2014-09-04",6.1311,104.871002
"2014-09-05",6.1286,105.582001
"2014-09-08",6.1305,105.18
"2014-09-09",6.1305,106.160004
"2014-09-10",6.1265,106.123001
"2014-09-11",6.1194,106.825996
"2014-09-12",6.12,107.105003
"2014-09-15",6.1247,107.330002
"2014-09-16",6.132,107.138
"2014-09-17",6.1361,107.150002
"2014-09-18",6.129,108.515999
"2014-09-19",6.1305,108.800003
"2014-09-22",6.1311,108.940002
"2014-09-23",6.1305,108.75
"2014-09-24",6.1278,108.542
"2014-09-25",6.1266,109.316002
"2014-09-26",6.126,108.610001
"2014-09-29",6.1171,109.411003
"2014-09-30",6.14,109.389999
"2014-10-01",6.1285,109.660004
"2014-10-02",6.1285,109.019997
"2014-10-03",6.1285,108.523003
"2014-10-06",6.129,109.802002
"2014-10-07",6.129,108.867996
"2014-10-08",6.129,108.071999
"2014-10-09",6.129,108.126999
"2014-10-10",6.1202,107.830002
"2014-10-13",6.1211,107.337997
"2014-10-14",6.1155,107.063004
"2014-10-15",6.1155,107.314003
"2014-10-16",6.1159,105.980003
"2014-10-17",6.1133,106.404999
"2014-10-20",6.114,107.143997
"2014-10-21",6.1136,106.910004
"2014-10-22",6.111,107.021004
"2014-10-23",6.1083,107.148003
"2014-10-24",6.1095,108.161003
"2014-10-27",6.1071,108.202003
"2014-10-28",6.1065,107.843002
"2014-10-29",6.1033,108.112
"2014-10-30",6.1012,108.846001
"2014-10-31",6.1045,109.212997
"2014-11-03",6.1027,112.841003
"2014-11-04",6.1083,113.648003
"2014-11-05",6.1053,113.480003
"2014-11-06",6.104,114.654999
"2014-11-07",6.102,115.176003
"2014-11-10",6.1128,114.532997
"2014-11-11",6.1095,114.752998
"2014-11-12",6.1145,115.721001
"2014-11-13",6.1162,115.57
"2014-11-14",6.1148,115.823997
"2014-11-17",6.1195,116.896004
"2014-11-18",6.1143,116.646004
"2014-11-19",6.1113,116.869003
"2014-11-20",6.1095,118.148003
"2014-11-21",6.1135,118.236
"2014-11-24",6.1149,117.744003
"2014-11-25",6.1317,118.454002
"2014-11-26",6.1265,117.801003
"2014-11-27",6.1291,117.629997
"2014-11-28",6.1291,117.839996
"2014-12-01",6.1332,118.863998
"2014-12-02",6.142,118.307999
"2014-12-03",6.1395,119.194
"2014-12-04",6.1402,119.861
"2014-12-05",6.1446,119.811996
"2014-12-08",6.1402,121.560997
"2014-12-09",6.163,120.650002
"2014-12-10",6.1778,119.342003
"2014-12-11",6.1666,117.709
"2014-12-12",6.1786,119.007004
"2014-12-15",6.1769,118.165001
"2014-12-16",6.1805,117.740997
"2014-12-17",6.1795,116.612999
"2014-12-18",6.187,118.795998
"2014-12-19",6.2045,118.938004
"2014-12-22",6.2099,119.497002
"2014-12-23",6.2116,120.150002
"2014-12-24",6.2159,120.690002
"2014-12-25",6.2053,120.459
"2014-12-26",6.2053,120.370003
"2014-12-29",6.2053,120.424004
"2014-12-30",6.2125,120.632004
"2014-12-31",6.192,119.458
"2015-01-01",6.1961,119.672997
"2015-01-02",6.1961,119.870003
"2015-01-05",6.1961,120.433998
"2015-01-06",6.2084,119.425003
"2015-01-07",6.202,118.672997
"2015-01-08",6.204,119.289001
"2015-01-09",6.2035,119.792
"2015-01-12",6.2003,118.211998
"2015-01-13",6.1934,118.328003
"2015-01-14",6.1876,117.794998
"2015-01-15",6.184,117.389999
"2015-01-16",6.1775,116.129997
"2015-01-19",6.197,117.559998
"2015-01-20",6.208,117.711998
"2015-01-21",6.2049,118.649002
"2015-01-22",6.2017,117.860001
"2015-01-23",6.199,118.750999
"2015-01-26",6.2179,117.361
"2015-01-27",6.2458,118.519997
"2015-01-28",6.2351,117.775002
"2015-01-29",6.2365,117.592003
"2015-01-30",6.2366,118.248001
"2015-02-02",6.241,117.183998
"2015-02-03",6.2495,117.574997
"2015-02-04",6.2457,117.646004
"2015-02-05",6.2377,117.288002
"2015-02-06",6.2421,117.535004
"2015-02-09",6.2334,118.970001
"2015-02-10",6.2388,118.563004
"2015-02-11",6.2318,119.358002
"2015-02-12",6.2323,120.169998
"2015-02-13",6.2345,118.916
"2015-02-16",6.2303,118.57
"2015-02-17",6.2386,118.491997
"2015-02-18",6.2441,119.208
"2015-02-19",6.2441,118.689003
"2015-02-20",6.2441,118.987999
"2015-02-23",6.2441,119.075996
"2015-02-24",6.2451,118.903
"2015-02-25",6.2451,118.891998
"2015-02-26",6.2495,118.821999
"2015-02-27",6.2495,119.376999
"2015-03-02",6.2586,119.825996
"2015-03-03",6.2637,120.204002
"2015-03-04",6.2637,119.637001
"2015-03-05",6.2606,119.651001
"2015-03-06",6.2574,120.044998
"2015-03-09",6.2538,120.738998
"2015-03-10",6.255,121.407997
"2015-03-11",6.252,121.038002
"2015-03-12",6.252,121.411003
"2015-03-13",6.252,121.318001
"2015-03-16",6.2487,121.343002
"2015-03-17",6.2518,121.366997
"2015-03-18",6.2395,121.279999
"2015-03-19",6.2187,120.064003
"2015-03-20",6.186,120.762001
"2015-03-23",6.196,120.027
"2015-03-24",6.205,119.75
"2015-03-25",6.1953,119.791
"2015-03-26",6.201,119.517998
"2015-03-27",6.2014,119.182999
"2015-03-30",6.2052,119.25
"2015-03-31",6.1965,120.013
"2015-04-01",6.1875,120.022003
"2015-04-02",6.1871,119.573997
"2015-04-03",6.187,119.696999
"2015-04-06",6.187,118.822998
"2015-04-07",6.187,119.476997
"2015-04-08",6.1882,120.290001
"2015-04-09",6.1914,120.094002
"2015-04-10",6.1947,120.550003
"2015-04-13",6.1991,120.209
"2015-04-14",6.2047,120.058998
"2015-04-15",6.2021,119.457001
"2015-04-16",6.1937,119.142998
"2015-04-17",6.1869,119.043999
"2015-04-20",6.1866,118.818001
"2015-04-21",6.1919,119.195
"2015-04-22",6.1919,119.633003
"2015-04-23",6.1857,119.949997
"2015-04-24",6.1887,119.570999
"2015-04-27",6.1848,118.927002
"2015-04-28",6.209,119.125999
"2015-04-29",6.1965,118.822998
"2015-04-30",6.1902,118.970001
"2015-05-01",6.191,119.452003
"2015-05-04",6.191,120.136002
"2015-05-05",6.1984,120.099998
"2015-05-06",6.1952,119.921997
"2015-05-07",6.189,119.397003
"2015-05-08",6.198,119.709
"2015-05-11",6.198,119.779999
"2015-05-12",6.1992,120.130997
"2015-05-13",6.1989,119.834999
"2015-05-14",6.1946,119.160004
"2015-05-15",6.1916,119.191002
"2015-05-18",6.1961,119.330002
"2015-05-19",6.1943,119.900002
"2015-05-20",6.1967,120.652
"2015-05-21",6.1937,121.211998
"2015-05-22",6.1868,121.039001
"2015-05-25",6.1874,121.570999
"2015-05-26",6.192,121.599998
"2015-05-27",6.1939,122.986
"2015-05-28",6.1913,123.739998
"2015-05-29",6.1912,123.82
"2015-06-01",6.1883,124.193001
"2015-06-02",6.1895,124.847
"2015-06-03",6.1882,124.036003
"2015-06-04",6.1878,124.304001
"2015-06-05",6.1911,124.379997
"2015-06-08",6.1934,125.628998
"2015-06-09",6.1956,124.563004
"2015-06-10",6.1957,124.338997
"2015-06-11",6.1958,122.865997
"2015-06-12",6.1966,123.581001
"2015-06-15",6.1983,123.290001
"2015-06-16",6.199,123.419998
"2015-06-17",6.1986,123.439003
"2015-06-18",6.1996,123.529999
"2015-06-19",6.1979,123.001999
"2015-06-22",6.1995,122.750999
"2015-06-23",6.1995,123.378998
"2015-06-24",6.1968,123.860001
"2015-06-25",6.1971,123.850998
"2015-06-26",6.1994,123.598
"2015-06-29",6.199,122.612
"2015-06-30",6.1988,122.669998
"2015-07-01",6.191,122.386002
"2015-07-02",6.1915,123.32
"2015-07-03",6.1947,123.058998
"2015-07-06",6.1957,122.406998
"2015-07-07",6.1992,122.611
"2015-07-08",6.2,122.489998
"2015-07-09",6.199,120.862
"2015-07-10",6.1988,121.699997
"2015-07-13",6.1993,122.496002
"2015-07-14",6.1984,123.57
"2015-07-15",6.1989,123.32
"2015-07-16",6.1992,123.870003
"2015-07-17",6.1995,124.149002
"2015-07-20",6.1995,124.141998
"2015-07-21",6.1998,124.293999
"2015-07-22",6.1996,123.860001
"2015-07-23",6.1994,124.068001
"2015-07-24",6.1995,123.875999
"2015-07-27",6.1996,123.763
"2015-07-28",6.1995,123.239998
"2015-07-29",6.1994,123.575996
"2015-07-30",6.199,123.940002
"2015-07-31",6.1997,124.070999
"2015-08-03",6.1998,124.040001
"2015-08-04",6.1997,123.945
"2015-08-05",6.1996,124.274002
"2015-08-06",6.1997,124.730003
"2015-08-07",6.1997,124.734001
"2015-08-10",6.1997,124.300003
"2015-08-11",6.1997,124.612999
"2015-08-12",6.3149,125.07
"2015-08-13",6.377,124.254997
"2015-08-14",6.3889,124.362999
"2015-08-17",6.3818,124.349998
"2015-08-18",6.3847,124.438004
"2015-08-19",6.3838,124.371002
"2015-08-20",6.3858,123.897003
"2015-08-21",6.379,123.419998
"2015-08-24",6.3789,121.732002
"2015-08-25",6.3944,118.884003
"2015-08-26",6.4029,118.540001
"2015-08-27",6.401,120.057999
"2015-08-28",6.3953,121.002998
"2015-08-31",6.3785,121.289001
"2015-09-01",6.3664,121.088997
"2015-09-02",6.3545,119.714996
"2015-09-03",6.3459,120.580002
"2015-09-04",6.3459,120.056
"2015-09-07",6.3459,119.164001
"2015-09-08",6.3559,119.403
"2015-09-09",6.3572,120.088997
"2015-09-10",6.3678,120.278
"2015-09-11",6.3672,120.619003
"2015-09-14",6.365,120.795998
"2015-09-15",6.3579,120.360001
"2015-09-16",6.36,120.433998
"2015-09-17",6.3609,120.523003
"2015-09-18",6.356,120.045998
"2015-09-21",6.3543,120.000999
"2015-09-22",6.3591,120.498001
"2015-09-23",6.366,120.080002
"2015-09-24",6.3737,120.199997
"2015-09-25",6.3733,120.239998
"2015-09-28",6.3641,120.367996
"2015-09-29",6.3588,119.839996
"2015-09-30",6.3536,119.860001
"2015-10-01",6.3471,119.859001
"2015-10-02",6.3461,119.809998
"2015-10-05",6.3461,119.995003
"2015-10-06",6.3461,120.460999
"2015-10-07",6.3461,120.239998
"2015-10-08",6.3461,119.915001
"2015-10-09",6.3435,119.929001
"2015-10-12",6.3353,120.179001
"2015-10-13",6.313,120.011002
"2015-10-14",6.3323,119.720001
"2015-10-15",6.3377,118.830002
"2015-10-16",6.3362,119.050003
"2015-10-19",6.3426,119.269997
"2015-10-20",6.3501,119.502998
"2015-10-21",6.3384,119.779999
"2015-10-22",6.3393,119.842003
"2015-10-23",6.348,120.860001
"2015-10-26",6.3391,121.295998
"2015-10-27",6.3432,120.948997
"2015-10-28",6.3432,120.476997
"2015-10-29",6.3493,120.860001
"2015-10-30",6.3467,121
"2015-11-02",6.3081,120.495003
"2015-11-03",6.3274,120.788002
"2015-11-04",6.3261,121.095001
"2015-11-05",6.3259,121.489998
"2015-11-06",6.3362,121.669998
"2015-11-09",6.3431,123.199997
"2015-11-10",6.3522,123.077003
"2015-11-11",6.3518,123.084
"2015-11-12",6.3575,122.757004
"2015-11-13",6.3593,122.559998
"2015-11-16",6.3638,122.363998
"2015-11-17",6.3612,123.265999
"2015-11-18",6.3686,123.445
"2015-11-19",6.3749,123.525002
"2015-11-20",6.373,122.912003
"2015-11-23",6.375,122.922997
"2015-11-24",6.3793,122.915001
"2015-11-25",6.3798,122.504997
"2015-11-26",6.3792,122.68
"2015-11-27",6.3796,122.634003
"2015-11-30",6.385,122.830002
"2015-12-01",6.3882,123.209999
"2015-12-02",6.3888,122.915001
"2015-12-03",6.3888,123.225998
"2015-12-04",6.3875,122.653
"2015-12-07",6.3911,123.190002
"2015-12-08",6.3982,123.279999
"2015-12-09",6.4072,122.912003
"2015-12-10",6.418,121.699997
"2015-12-11",6.4278,121.709999
"2015-12-14",6.4453,120.892998
"2015-12-15",6.449,121.089996
"2015-12-16",6.451,121.675003
"2015-12-17",6.4633,122.462997
"2015-12-18",6.4737,122.449997
"2015-12-21",6.4715,121.300003
"2015-12-22",6.4708,121.206001
"2015-12-23",6.4688,121.029999
"2015-12-24",6.4678,120.934998
"2015-12-25",6.4673,120.169998
"2015-12-28",6.4673,120.231003
"2015-12-29",6.4787,120.349998
"2015-12-30",6.4748,120.528999
"2015-12-31",6.4812,120.449997
"2016-01-01",6.4837,120.288002
"2016-01-04",6.4837,120.310997
"2016-01-05",6.5254,119.467003
"2016-01-06",6.5125,119.101997
"2016-01-07",6.5467,118.610001
"2016-01-08",6.5829,117.540001
"2016-01-11",6.5865,117.080002
"2016-01-12",6.5595,117.650002
"2016-01-13",6.5625,117.830002
"2016-01-14",6.5654,117.425003
"2016-01-15",6.5802,118.203003
"2016-01-18",6.5749,116.989998
"2016-01-19",6.5689,117.384003
"2016-01-20",6.5686,117.565002
"2016-01-21",6.5684,117.134003
"2016-01-22",6.57,117.924004
"2016-01-25",6.5691,118.571999
"2016-01-26",6.5694,118.227997
"2016-01-27",6.5725,118.379997
"2016-01-28",6.5678,118.467003
"2016-01-29",6.5652,118.93
"2016-02-01",6.5661,121.339996
"2016-02-02",6.5684,120.839996
"2016-02-03",6.5698,119.856003
"2016-02-04",6.567,118.120003
"2016-02-05",6.5548,116.865997
"2016-02-08",6.5639,116.949997
"2016-02-09",6.5639,115.667999
"2016-02-10",6.5639,115.191002
"2016-02-11",6.5639,113.251999
"2016-02-12",6.5639,112.497002
"2016-02-15",6.5639,113.669998
"2016-02-16",6.4862,114.321999
"2016-02-17",6.5069,114.080002
"2016-02-18",6.5183,114.279999
"2016-02-19",6.5088,113.25
"2016-02-22",6.5124,112.488998
"2016-02-23",6.5118,112.971001
"2016-02-24",6.5171,111.879997
"2016-02-25",6.5217,112.100998
"2016-02-26",6.5235,113.117996
"2016-02-29",6.5304,113.660004
"2016-03-01",6.544,112.43
"2016-03-02",6.5421,113.93
"2016-03-03",6.541,113.466003
"2016-03-04",6.5215,113.669998
"2016-03-07",6.4981,113.803001
"2016-03-08",6.5068,113.452003
"2016-03-09",6.4947,112.660004
"2016-03-10",6.503,113.252998
"2016-03-11",6.4986,112.860001
"2016-03-14",6.4853,113.778
"2016-03-15",6.49,113.830002
"2016-03-16",6.5045,113.105003
"2016-03-17",6.512,112.751999
"2016-03-18",6.465,111.349998
"2016-03-21",6.4616,111.445
"2016-03-22",6.4746,112.139
"2016-03-23",6.4801,112.251999
"2016-03-24",6.4963,112.400002
"2016-03-25",6.5047,112.830002
"2016-03-28",6.5265,113.449997
"2016-03-29",6.501,113.363998
"2016-03-30",6.5049,112.68
"2016-03-31",6.4551,112.365997
"2016-04-01",6.439,112.480003
"2016-04-04",6.4686,111.722
"2016-04-05",6.4686,111.25
"2016-04-06",6.4673,110.377998
"2016-04-07",6.4709,109.698997
"2016-04-08",6.453,108.427002
"2016-04-11",6.4558,108.310997
"2016-04-12",6.4495,107.93
"2016-04-13",6.4556,108.639999
"2016-04-14",6.4684,109.419998
"2016-04-15",6.4726,109.316002
"2016-04-18",6.4656,108.016998
"2016-04-19",6.4652,109.072998
"2016-04-20",6.4481,109.239998
"2016-04-21",6.4608,109.837997
"2016-04-22",6.4719,109.436996
"2016-04-25",6.491,111.435997
"2016-04-26",6.483,111.136002
"2016-04-27",6.4835,111.230003
"2016-04-28",6.485,111.519997
"2016-04-29",6.4659,108.075996
"2016-05-02",6.4641,106.453003
"2016-05-03",6.4641,106.396004
"2016-05-04",6.4818,106.68
"2016-05-05",6.4848,106.919998
"2016-05-06",6.4935,107.275002
"2016-05-09",6.4902,107.360001
"2016-05-10",6.5069,108.331001
"2016-05-11",6.5083,109.194
"2016-05-12",6.482,108.415001
"2016-05-13",6.5068,109.099998
"2016-05-16",6.522,108.661003
"2016-05-17",6.5213,109.080002
"2016-05-18",6.5186,108.949997
"2016-05-19",6.5288,110.139999
"2016-05-20",6.537,109.880997
"2016-05-23",6.5367,110.050003
"2016-05-24",6.5457,109.374001
"2016-05-25",6.5472,110.169998
"2016-05-26",6.5441,110.111
"2016-05-27",6.547,109.712997
"2016-05-30",6.5533,110.769997
"2016-05-31",6.5733,110.841003
"2016-06-01",6.5729,110.669998
"2016-06-02",6.5651,109.476997
"2016-06-03",6.5745,108.860001
"2016-06-06",6.5548,106.721001
"2016-06-07",6.5538,107.438004
"2016-06-08",6.5615,107.253998
"2016-06-09",6.5525,106.779999
"2016-06-10",6.552,107.089996
"2016-06-13",6.552,106.503998
"2016-06-14",6.5757,106.225998
"2016-06-15",6.5865,106.086998
"2016-06-16",6.5718,105.849998
"2016-06-17",6.582,104.742996
"2016-06-20",6.5784,104.648003
"2016-06-21",6.5671,103.823997
"2016-06-22",6.5803,104.669998
"2016-06-23",6.5675,104.650002
"2016-06-24",6.5673,104.896004
"2016-06-27",6.6118,102.126999
"2016-06-28",6.6416,101.811996
"2016-06-29",6.6381,102.700996
"2016-06-30",6.6268,102.778
"2016-07-01",6.6381,103.072998
"2016-07-04",6.6457,102.487999
"2016-07-05",6.6553,102.517998
"2016-07-06",6.6697,101.140999
"2016-07-07",6.683,101.150002
"2016-07-08",6.6711,100.790001
"2016-07-11",6.6781,100.692001
"2016-07-12",6.6839,102.524002
"2016-07-13",6.6786,104.755997
"2016-07-14",6.6763,104.075996
"2016-07-15",6.6736,105.191002
"2016-07-18",6.6761,105.459
"2016-07-19",6.7046,106.146004
"2016-07-20",6.6954,106.137001
"2016-07-21",6.6766,107.204002
"2016-07-22",6.6744,105.810997
"2016-07-25",6.6939,106.325996
"2016-07-26",6.6793,105.578003
"2016-07-27",6.6697,104.848999
"2016-07-28",6.6668,104.950996
"2016-07-29",6.6561,104.745003
"2016-08-01",6.6423,102.332001
"2016-08-02",6.6415,102.359001
"2016-08-03",6.6287,101.068001
"2016-08-04",6.6308,101.336998
"2016-08-05",6.6387,101.198997
"2016-08-08",6.6737,102.144997
"2016-08-09",6.6604,102.288002
"2016-08-10",6.6552,101.915001
"2016-08-11",6.6392,101.133003
"2016-08-12",6.626,101.807999
"2016-08-15",6.6449,101.282997
"2016-08-16",6.6354,101.239998
"2016-08-17",6.6248,100.199997
"2016-08-18",6.634,99.905998
"2016-08-19",6.612,100.112
"2016-08-22",6.6344,100.554001
"2016-08-23",6.6475,100.250999
"2016-08-24",6.6408,100.310997
"2016-08-25",6.6584,100.552002
"2016-08-26",6.6594,100.555
"2016-08-29",6.6789,101.919998
"2016-08-30",6.6752,101.808998
"2016-08-31",6.6804,102.867996
"2016-09-01",6.6776,103.302002
"2016-09-02",6.6682,103.258003
"2016-09-05",6.6798,103.933998
"2016-09-06",6.6759,103.510002
"2016-09-07",6.6743,101.525002
"2016-09-08",6.6626,101.829002
"2016-09-09",6.6628,102.306
"2016-09-12",6.6799,102.438004
"2016-09-13",6.6787,101.750999
"2016-09-14",6.6764,102.503998
"2016-09-15",6.6732,102.547997
"2016-09-16",6.6712,102.008003
"2016-09-19",6.6707,102.306999
"2016-09-20",6.6662,101.846001
"2016-09-21",6.6695,101.546997
"2016-09-22",6.6736,100.392998
"2016-09-23",6.6638,100.831001
"2016-09-26",6.6572,100.889
"2016-09-27",6.6677,100.359001
"2016-09-28",6.6698,100.468002
"2016-09-29",6.6752,100.934998
"2016-09-30",6.6687,101.198997
"2016-10-03",6.6381,101.563004
"2016-10-04",6.6732,101.817001
"2016-10-05",6.6708,102.879997
"2016-10-06",6.673,103.459999
"2016-10-07",6.6737,103.764999
"2016-10-10",6.6769,103.017998
"2016-10-11",6.7077,103.696999
"2016-10-12",6.7235,103.342003
"2016-10-13",6.7188,104.304001
"2016-10-14",6.7293,103.722
"2016-10-17",6.731,104.039001
"2016-10-18",6.7315,103.850998
"2016-10-19",6.743,103.864998
"2016-10-20",6.7354,103.390999
"2016-10-21",6.743,104.109001
"2016-10-24",6.7663,103.917
"2016-10-25",6.7762,104.320999
"2016-10-26",6.7806,104.153999
"2016-10-27",6.7697,104.563004
"2016-10-28",6.7848,105.209
"2016-10-31",6.7834,104.565002
"2016-11-01",6.7746,104.82
"2016-11-02",6.7663,104.092003
"2016-11-03",6.7471,103.377998
"2016-11-04",6.7662,103.052002
"2016-11-07",6.7555,104.195
"2016-11-08",6.7741,104.438004
"2016-11-09",6.7848,105.029999
"2016-11-10",6.7787,105.852997
"2016-11-11",6.8017,106.856003
"2016-11-14",6.8051,106.871002
"2016-11-15",6.8457,108.202003
"2016-11-16",6.8581,109.038002
"2016-11-17",6.7892,108.785004
"2016-11-18",6.8766,110.255997
"2016-11-21",6.8925,110.973
"2016-11-22",6.8889,110.650002
"2016-11-23",6.8893,111.005997
"2016-11-24",6.9102,112.582001
"2016-11-25",6.9182,113.292
"2016-11-28",6.9217,112.652
"2016-11-29",6.9063,111.690002
"2016-11-30",6.8973,112.470001
"2016-12-01",6.8908,114.694
"2016-12-02",6.8765,113.908997
"2016-12-05",6.8855,113.504997
"2016-12-06",6.871,113.862999
"2016-12-07",6.872,114.052002
"2016-12-08",6.8705,113.712997
"2016-12-09",6.8699,114.074997
"2016-12-12",6.9067,115.412003
"2016-12-13",6.8969,115.001999
"2016-12-14",6.8917,115.223999
"2016-12-15",6.9038,117.210999
"2016-12-16",6.9343,118.240997
"2016-12-19",6.9583,117.791
"2016-12-20",6.953,117.037003
"2016-12-21",6.9498,117.875
"2016-12-22",6.9414,117.603996
"2016-12-23",6.9404,117.542
"2016-12-26",6.9453,117.309998
"2016-12-27",6.9447,117.192001
"2016-12-28",6.9425,117.480003
"2016-12-29",6.9581,117.086998
"2016-12-30",6.9453,116.266998
"2017-01-02",6.9438,116.794998
"2017-01-03",6.944,117.495003
"2017-01-04",6.9598,117.658997
"2017-01-05",6.9251,117.112999
"2017-01-06",6.8879,115.264999
"2017-01-09",6.9175,117.150002
"2017-01-10",6.9367,115.985001
"2017-01-11",6.9212,115.872002
"2017-01-12",6.9361,115.098
"2017-01-13",6.8949,114.664001
"2017-01-16",6.8988,114.226997
"2017-01-17",6.891,114.152
"2017-01-18",6.8446,112.877998
"2017-01-19",6.838,114.762001
"2017-01-20",6.8613,114.980003
"2017-01-23",6.8755,113.809998
"2017-01-24",6.844,112.779999
"2017-01-25",6.849,113.839996
"2017-01-26",6.8736,113.292999
"2017-01-27",6.8784,114.455002
"2017-01-30",6.883,114.667999
"2017-01-31",6.8807,113.650002
"2017-02-01",6.8787,112.742996
"2017-02-02",6.8809,113.310997
"2017-02-03",6.88,112.789001
"2017-02-06",6.8722,112.639
"2017-02-07",6.8636,111.827003
"2017-02-08",6.8845,112.387001
"2017-02-09",6.8725,111.952003
"2017-02-10",6.8686,113.433998
"2017-02-13",6.8952,113.914001
"2017-02-14",6.8795,113.705002
"2017-02-15",6.8668,114.301003
"2017-02-16",6.8684,114.112
"2017-02-17",6.8526,113.305
"2017-02-20",6.8557,112.911003
"2017-02-21",6.8781,113.279999
"2017-02-22",6.8826,113.668999
"2017-02-23",6.8737,113.417
"2017-02-24",6.8655,112.681999
"2017-02-27",6.9007,112.188004
"2017-02-28",6.8701,112.745003
"2017-03-01",6.8664,113.077003
"2017-03-02",6.8822,114.121002
"2017-03-03",6.8876,114.342003
"2017-03-06",6.8962,113.847
"2017-03-07",6.8967,113.917
"2017-03-08",6.9023,113.926003
"2017-03-09",6.9119,114.411003
"2017-03-10",6.9102,115.149002
"2017-03-13",6.8566,114.732002
"2017-03-14",6.913,114.915001
"2017-03-15",6.9145,114.658997
"2017-03-16",6.9136,113.402
"2017-03-17",6.8967,113.339996
"2017-03-20",6.9041,112.674004
"2017-03-21",6.906,112.572998
"2017-03-22",6.8849,111.531998
"2017-03-23",6.883,111.369003
"2017-03-24",6.8858,111.003998
"2017-03-27",6.8535,110.552002
"2017-03-28",6.8721,110.771004
"2017-03-29",6.8783,111.225998
"2017-03-30",6.8877,111.153999
"2017-03-31",6.889,111.776001
"2017-04-03",6.8802,111.264999
"2017-04-04",6.8839,110.709
"2017-04-05",6.8852,110.853996
"2017-04-06",6.8939,110.380997
"2017-04-07",6.8978,110.897003
"2017-04-10",6.9057,111.224998
"2017-04-11",6.9033,110.717003
"2017-04-12",6.8908,109.586998
"2017-04-13",6.8909,108.902
"2017-04-14",6.8865,109.100998
"2017-04-17",6.891,108.322998
"2017-04-18",6.8686,109.112
"2017-04-19",6.8819,108.535004
"2017-04-20",6.886,108.834
"2017-04-21",6.8817,109.375
"2017-04-24",6.7921,109.977997
"2017-04-25",6.8825,109.640999
"2017-04-26",6.8817,111.045998
"2017-04-27",6.8921,111.191002
"2017-04-28",6.8969,111.225998
"2017-05-01",6.9121,111.302002
"2017-05-02",6.893,111.811996
"2017-05-03",6.8935,111.969002
"2017-05-04",6.8967,112.782997
"2017-05-05",6.8954,112.537003
"2017-05-08",6.8847,112.683998
"2017-05-09",6.9045,113.230003
"2017-05-10",6.9071,113.697998
"2017-05-11",6.903,114.328003
"2017-05-12",6.9037,113.808998
"2017-05-15",6.9021,113.271004
"2017-05-16",6.894,113.641998
"2017-05-17",6.8886,112.646004
"2017-05-18",6.8813,111.125999
"2017-05-19",6.8891,111.401001
"2017-05-22",6.8539,111.283997
"2017-05-23",6.8844,110.890999
"2017-05-24",6.8912,111.957001
"2017-05-25",6.89,111.524002
"2017-05-26",6.8677,111.730003
"2017-05-29",6.857,111.255997
"2017-05-30",6.8562,111.174004
"2017-05-31",6.8558,110.838997
"2017-06-01",6.8112,110.795998
"2017-06-02",6.8086,111.436996
"2017-06-05",6.8128,110.462997
"2017-06-06",6.8028,110.380997
"2017-06-07",6.7957,109.509003
"2017-06-08",6.7975,109.900002
"2017-06-09",6.7992,109.859001
"2017-06-12",6.7848,110.288002
"2017-06-13",6.7976,109.920998
"2017-06-14",6.7988,110.055
"2017-06-15",6.791,109.445999
"2017-06-16",6.8085,110.952003
"2017-06-19",6.8034,110.954002
"2017-06-20",6.8197,111.672997
"2017-06-21",6.8264,111.334
"2017-06-22",6.8283,111.309998
"2017-06-23",6.8346,111.290001
"2017-06-26",6.8342,111.238998
"2017-06-27",6.8398,111.858002
"2017-06-28",6.8126,112.188004
"2017-06-29",6.8,112.353996
"2017-06-30",6.7857,112.009003
"2017-07-03",6.7781,112.262001
"2017-07-04",6.7998,113.386002
"2017-07-05",6.7987,112.961998
"2017-07-06",6.8008,113.186996
"2017-07-07",6.7999,113.149002
"2017-07-10",6.8029,113.985001
"2017-07-12",6.8017,113.748001
"2017-07-13",6.788,113.334999
"2017-07-14",6.7826,113.417999
"2017-07-17",6.7405,112.397003
"2017-07-18",6.7695,112.581001
"2017-07-19",6.7454,111.995003
"2017-07-20",6.7513,111.876999
"2017-07-21",6.7589,111.885002
"2017-07-24",6.7197,110.945
"2017-07-25",6.7501,111.232002
"2017-07-26",6.7498,112.002998
"2017-07-27",6.754,111.127998
"2017-07-28",6.74,111.097
"2017-07-31",6.7389,110.510002
"2017-08-01",6.7255,110.359001
"2017-08-02",6.7137,110.431999
"2017-08-03",6.7217,110.757004
"2017-08-04",6.7156,109.900002
"2017-08-07",6.7657,110.786003
"2017-08-08",6.7215,110.75
"2017-08-09",6.7098,110.101997
"2017-08-10",6.6718,110.049004
"2017-08-11",6.6458,109.106003
"2017-08-14",6.662,109.230003
"2017-08-15",6.6687,109.931999
"2017-08-16",6.6844,110.596001
"2017-08-17",6.6897,109.999001
"2017-08-18",6.6777,109.328003
"2017-08-21",6.6687,109.32
"2017-08-22",6.6659,108.944
"2017-08-23",6.6617,109.731003
"2017-08-24",6.6583,108.910004
"2017-08-25",6.6613,109.514
"2017-08-28",6.5829,109.346001
"2017-08-29",6.6074,108.737
"2017-08-30",6.5954,109.790001
"2017-08-31",6.5957,110.459999
"2017-09-01",6.5898,110.128998
"2017-09-04",6.5465,109.794998
"2017-09-05",6.5299,109.809998
"2017-09-06",6.5374,108.601997
"2017-09-07",6.5212,109.134003
"2017-09-08",6.4846,108.269997
"2017-09-11",6.5309,108.231003
"2017-09-12",6.5304,109.394997
"2017-09-13",6.535,110.225998
"2017-09-14",6.5422,110.514999
"2017-09-15",6.5548,109.918999
"2017-09-18",6.5507,111.196999
"2017-09-19",6.5731,111.496002
"2017-09-20",6.5833,111.578003
"2017-09-21",6.5749,112.545998
"2017-09-22",6.59,112.452003
"2017-09-25",6.6046,112.444
"2017-09-26",6.6205,111.761002
"2017-09-27",6.6396,112.376999
"2017-09-28",6.6405,112.860001
"2017-09-29",6.665,112.467003
"2017-10-02",6.6578,112.638
"2017-10-03",6.6517,112.769997
"2017-10-04",6.6511,112.848
"2017-10-05",6.6538,112.822998
"2017-10-06",6.6539,112.774002
"2017-10-09",6.65,112.551003
"2017-10-10",6.6253,112.657997
"2017-10-11",6.5714,112.345001
"2017-10-12",6.5895,112.433998
"2017-10-13",6.588,112.238998
"2017-10-16",6.5833,111.882004
"2017-10-17",6.5885,112.195
"2017-10-18",6.622,112.212997
"2017-10-19",6.6278,113.013
"2017-10-20",6.6141,112.68
"2017-10-23",6.6388,114.047997
"2017-10-24",6.6383,113.339996
"2017-10-25",6.636,113.945999
"2017-10-26",6.6376,113.557999
"2017-10-27",6.6411,114.124001
"2017-10-30",6.659,113.738998
"2017-10-31",6.6424,112.996002
"2017-11-01",6.6358,113.650002
"2017-11-02",6.5994,114.152
"2017-11-03",6.6081,114.015999
"2017-11-06",6.638,114.178001
"2017-11-07",6.6335,113.771004
"2017-11-08",6.6398,113.761002
"2017-11-09",6.6266,113.927002
"2017-11-10",6.6303,113.375
"2017-11-13",6.6393,113.685997
"2017-11-14",6.6386,113.584999
"2017-11-15",6.6356,113.402
"2017-11-17",6.6277,113.028
"2017-11-20",6.6619,112.038002
"2017-11-21",6.6335,112.551003
"2017-11-22",6.6292,112.341003
"2017-11-23",6.6109,111.313004
"2017-11-24",6.5833,111.253998
"2017-11-27",6.6012,111.670998
"2017-11-28",6.5953,111.169998
"2017-11-29",6.6094,111.648003
"2017-11-30",6.6083,112.001999
"2017-12-01",6.6121,112.556
"2017-12-04",6.6346,112.863998
"2017-12-05",6.6189,112.499001
"2017-12-06",6.6168,112.463997
"2017-12-07",6.6144,112.291
"2017-12-08",6.618,113.172997
"2017-12-11",6.6183,113.542999
"2017-12-12",6.6171,113.540001
"2017-12-13",6.6204,113.544998
"2017-12-14",6.6187,112.781998
"2017-12-15",6.6086,112.396004
"2017-12-18",6.6149,112.716003
"2017-12-19",6.6142,112.568001
"2017-12-20",6.605,112.983002
"2017-12-21",6.5797,113.240997
"2017-12-22",6.5854,113.322998
"2017-12-25",6.5786,113.307999
"2017-12-26",6.5388,113.303001
"2017-12-27",6.5431,113.203003
"2017-12-28",6.5547,113.217003
"2017-12-29",6.5316,112.875
"2018-01-01",6.5057,112.666
"2018-01-02",6.5058,112.769997
"2018-01-03",6.494,112.244003
"2018-01-04",6.5031,112.607002
"2018-01-05",6.4933,112.782997
"2018-01-08",6.4875,113.153999
"2018-01-09",6.4976,113.140999
"2018-01-10",6.5294,112.754997
"2018-01-11",6.5072,111.444
"2018-01-12",6.4902,111.293999
"2018-01-15",6.4562,111.099998
"2018-01-16",6.4352,110.581001
"2018-01-17",6.4423,110.388
"2018-01-18",6.4321,111.375999
"2018-01-19",6.4206,111.026001
"2018-01-22",6.403,110.683998
"2018-01-23",6.4044,110.966003
"2018-01-24",6.4029,110.107002
"2018-01-25",6.3693,109.325996
"2018-01-26",6.3228,109.704002
"2018-01-29",6.3159,108.639
"2018-01-30",6.3363,108.926003
"2018-01-31",6.3211,108.732002
"2018-02-01",6.2882,109.200996
"2018-02-02",6.2984,109.405998
"2018-02-05",6.3076,110.035004
"2018-02-06",6.2897,109.095001
"2018-02-07",6.2825,109.626999
"2018-02-08",6.2676,109.195999
"2018-02-09",6.3263,108.528999
"2018-02-12",6.2869,108.800003
"2018-02-13",6.3265,108.690002
"2018-02-14",6.34,107.764
"2018-02-15",6.346,106.586998
"2018-02-16",6.3472,106.111
"2018-02-19",6.3401,106.261002
"2018-02-20",6.3484,106.709
"2018-02-21",6.3462,107.380997
"2018-02-22",6.3466,107.555
"2018-02-23",6.3502,106.814003
"2018-02-26",6.3273,107.073997
"2018-02-27",6.3141,107.069
"2018-02-28",6.3167,107.426003
"2018-03-01",6.3309,106.639999
"2018-03-02",6.3574,106.163002
"2018-03-05",6.3503,105.556
"2018-03-06",6.3489,106.25
"2018-03-07",6.3094,105.537003
"2018-03-08",6.325,106.185997
"2018-03-09",6.3416,106.405998
"2018-03-12",6.3285,106.890999
"2018-03-13",6.3291,106.260002
"2018-03-14",6.3204,106.508003
"2018-03-15",6.316,106.154999
"2018-03-16",6.3209,106.308998
"2018-03-19",6.3382,105.969002
"2018-03-20",6.3316,105.996002
"2018-03-21",6.3329,106.469002
"2018-03-22",6.3206,105.929001
"2018-03-23",6.3347,104.968002
"2018-03-26",6.32,104.859001
"2018-03-27",6.2724,105.5
"2018-03-28",6.2818,105.492996
"2018-03-29",6.2956,106.811996
"2018-03-30",6.2889,106.478996
"2018-04-02",6.2822,106.311996
"2018-04-03",6.2794,105.799004
"2018-04-04",6.2884,106.435997
"2018-04-05",6.3042,106.774002
"2018-04-06",6.3024,107.052002
"2018-04-09",6.3086,106.968002
"2018-04-10",6.3054,106.749001
"2018-04-11",6.2816,107.112999
"2018-04-12",6.2686,106.829002
"2018-04-13",6.291,107.222
"2018-04-16",6.2741,107.498001
"2018-04-17",6.2757,107.045998
"2018-04-18",6.2805,107.015999
"2018-04-19",6.2734,107.346001
"2018-04-20",6.2781,107.431999
"2018-04-23",6.2955,107.869003
"2018-04-24",6.3161,108.761002
"2018-04-25",6.3059,108.803001
"2018-04-26",6.3247,109.363998
"2018-04-27",6.3354,109.300003
"2018-04-30",6.337,109.098
"2018-05-01",6.3321,109.322998
"2018-05-02",6.3323,109.872002
"2018-05-03",6.3615,109.827003
"2018-05-04",6.3527,109.096001
"2018-05-07",6.3617,109.146004
"2018-05-08",6.3661,108.943001
"2018-05-09",6.3697,109.024002
"2018-05-10",6.3614,109.847
"2018-05-11",6.3482,109.435997
"2018-05-14",6.3331,109.337997
"2018-05-15",6.3383,109.731003
"2018-05-16",6.3768,110.296997
"2018-05-17",6.3705,110.359001
"2018-05-18",6.3662,110.828003
"2018-05-21",6.3828,110.879997
"2018-05-22",6.3811,110.977997
"2018-05-23",6.3642,110.725998
"2018-05-24",6.3888,109.869003
"2018-05-25",6.3764,109.311996
"2018-05-28",6.3686,109.623001
"2018-05-29",6.3983,109.389
"2018-05-30",6.4166,108.393997
"2018-05-31",6.418,108.711998
"2018-06-01",6.4093,108.749001
"2018-06-04",6.4194,109.598
"2018-06-05",6.407,109.962997
"2018-06-06",6.405,109.859001
"2018-06-07",6.3879,110.125
"2018-06-08",6.3921,109.694
"2018-06-11",6.4057,109.443001
"2018-06-12",6.3916,110.386002
"2018-06-13",6.4005,110.452003
"2018-06-14",6.3973,110.241997
"2018-06-15",6.4045,110.644997
"2018-06-18",6.433,110.616997
"2018-06-19",6.4388,110.138
"2018-06-20",6.4855,110.070999
"2018-06-21",6.4716,110.351997
"2018-06-22",6.4921,109.952003
"2018-06-25",6.5043,109.936996
"2018-06-26",6.539,109.642998
"2018-06-27",6.5783,110.097
"2018-06-28",6.6019,110.214996
"2018-06-29",6.6274,110.486
"2018-07-02",6.6243,110.709999
"2018-07-03",6.6667,110.871002
"2018-07-04",6.641,110.407997
"2018-07-05",6.6313,110.501999
"2018-07-06",6.6368,110.579002
"2018-07-09",6.6392,110.421997
"2018-07-10",6.6152,110.953003
"2018-07-11",6.6314,110.831001
"2018-07-12",6.6828,111.958
"2018-07-13",6.6659,112.665001
"2018-07-16",6.6946,112.399002
"2018-07-17",6.6916,112.374001
"2018-07-18",6.7068,113.012001
"2018-07-19",6.7177,112.791
"2018-07-20",6.7717,112.362999
"2018-07-23",6.7581,111.053001
"2018-07-24",6.792,111.459999
"2018-07-25",6.7905,111.240997
"2018-07-26",6.7687,110.845001
"2018-07-27",6.7828,111.146004
"2018-07-30",6.8127,110.933998
"2018-07-31",6.8149,110.994003
"2018-08-01",6.8117,111.807999
"2018-08-02",6.8226,111.620003
"2018-08-03",6.8328,111.690002
"2018-08-06",6.8332,111.234001
"2018-08-07",6.8541,111.339996
"2018-08-08",6.8336,111.345001
"2018-08-09",6.8352,110.891998
"2018-08-10",6.8172,111.091003
"2018-08-13",6.8462,110.628998
"2018-08-14",6.8894,110.661003
"2018-08-15",6.8847,111.246002
"2018-08-16",6.9338,110.575996
"2018-08-17",6.8815,111.003998
"2018-08-20",6.8766,110.474998
"2018-08-21",6.8568,109.947998
"2018-08-22",6.8455,110.134003
"2018-08-23",6.8432,110.587997
"2018-08-24",6.8775,111.366997
"2018-08-27",6.8006,111.281998
"2018-08-28",6.8133,111.137001
"2018-08-29",6.8042,111.162003
"2018-08-30",6.8187,111.711998
"2018-08-31",6.8431,110.999001
"2018-09-03",6.8346,111.143997
"2018-09-04",6.8221,111.087997
"2018-09-05",6.8425,111.460999
"2018-09-06",6.83,111.448997
"2018-09-07",6.8344,110.495003
"2018-09-10",6.8391,110.919998
"2018-09-11",6.8553,111.148003
"2018-09-12",6.8744,111.607002
"2018-09-13",6.8599,111.220001
"2018-09-14",6.8429,112.012001
"2018-09-17",6.8656,111.953003
"2018-09-18",6.8555,111.690002
"2018-09-19",6.8602,112.277
"2018-09-20",6.8469,112.317001
"2018-09-21",6.8459,112.495003
"2018-09-24",6.8567,112.524002
"2018-09-25",6.8734,112.786003
"2018-09-26",6.8663,112.969002
"2018-09-27",6.8761,112.704002
"2018-09-28",6.8803,113.357002
"2018-10-01",6.8679,113.795998
"2018-10-02",6.8679,113.945999
"2018-10-03",6.8679,113.577003
"2018-10-04",6.8678,114.486
"2018-10-05",6.8679,113.893997
"2018-10-08",6.8589,113.714996
"2018-10-09",6.9298,113.097
"2018-10-10",6.9218,112.998001
"2018-10-11",6.9233,112.092003
"2018-10-12",6.8886,112.080002
"2018-10-15",6.9212,112.192001
"2018-10-16",6.9159,111.841003
"2018-10-17",6.911,112.342003
"2018-10-18",6.9263,112.627998
"2018-10-19",6.9367,112.184998
"2018-10-22",6.9286,112.480003
"2018-10-23",6.9465,112.757004
"2018-10-24",6.9374,112.444
"2018-10-25",6.943,112.012001
"2018-10-26",6.948,112.349998
"2018-10-29",6.9425,111.907997
"2018-10-30",6.9519,112.323997
"2018-10-31",6.9663,113.052002
"2018-11-01",6.9747,112.850998
"2018-11-02",6.9224,112.714996
"2018-11-05",6.8899,113.139
"2018-11-06",6.9248,113.246002
"2018-11-07",6.9185,113.362999
"2018-11-08",6.91,113.546997
"2018-11-09",6.9335,113.953003
"2018-11-12",6.9559,113.846001
"2018-11-13",6.9625,113.695999
"2018-11-14",6.9552,113.789001
"2018-11-15",6.9495,113.564003
"2018-11-16",6.9382,113.555
"2018-11-19",6.937,112.730003
"2018-11-20",6.941,112.443001
"2018-11-21",6.9444,112.703003
"2018-11-22",6.9262,113.021004
"2018-11-23",6.931,112.977997
"2018-11-26",6.9475,112.918999
"2018-11-27",6.9308,113.503998
"2018-11-28",6.9506,113.766998
"2018-11-29",6.9529,113.555
"2018-11-30",6.9415,113.411003
"2018-12-03",6.958,113.763
"2018-12-04",6.8823,113.586998
"2018-12-05",6.8363,112.698997
"2018-12-06",6.8558,113.051003
"2018-12-07",6.8817,112.689003
"2018-12-10",6.8747,112.501999
"2018-12-11",6.911,113.181
"2018-12-12",6.899,113.384003
"2018-12-13",6.879,113.285004
"2018-12-14",6.8807,113.559998
"2018-12-17",6.9066,113.389999
"2018-12-18",6.8962,112.829002
"2018-12-19",6.8942,112.524002
"2018-12-20",6.891,112.410004
"2018-12-21",6.8841,111.170998
"2018-12-24",6.9054,111.054001
"2018-12-25",6.8981,110.310997
"2018-12-26",6.8983,110.402
"2018-12-27",6.8981,111.206001
"2018-12-28",6.8653,110.855003
"2018-12-31",6.8772,110.330002
"2019-01-01",6.8776,109.629997
"2019-01-02",6.8775,109.667999
"2019-01-03",6.8611,107.441002
"2019-01-04",6.8711,107.807999
"2019-01-07",6.8684,108.522003
"2019-01-08",6.85,108.615997
"2019-01-09",6.8522,108.776001
"2019-01-10",6.8156,108.189003
"2019-01-11",6.7875,108.297997
"2019-01-14",6.762,108.458
"2019-01-15",6.7671,108.25
"2019-01-16",6.751,108.643997
"2019-01-17",6.756,109.037003
"2019-01-18",6.7754,109.153
"2019-01-21",6.7778,109.661003
"2019-01-22",6.7973,109.669998
"2019-01-23",6.807,109.355003
"2019-01-24",6.791,109.491997
"2019-01-25",6.7876,109.597
"2019-01-28",6.7464,109.400002
"2019-01-29",6.7443,109.253998
"2019-01-30",6.732,109.417
"2019-01-31",6.7155,108.981003
"2019-02-01",6.6998,108.844002
"2019-02-04",6.7438,109.438004
"2019-02-05",6.7438,109.960999
"2019-02-06",6.7348,109.941002
"2019-02-07",6.7438,109.973999
"2019-02-08",6.7438,109.755997
"2019-02-11",6.7438,109.809998
"2019-02-12",6.7914,110.400002
"2019-02-13",6.773,110.514999
"2019-02-14",6.7594,110.922997
"2019-02-15",6.7712,110.538002
"2019-02-18",6.7721,110.564003
"2019-02-19",6.7657,110.591003
"2019-02-20",6.7577,110.571999
"2019-02-21",6.7203,110.764999
"2019-02-22",6.7191,110.708
"2019-02-25",6.7132,110.772003
"2019-02-26",6.6884,111.045998
"2019-02-27",6.6992,110.556
"2019-02-28",6.6862,110.862
"2019-03-01",6.693,111.357002
"2019-03-04",6.7054,111.938004
"2019-03-05",6.7063,111.777
"2019-03-06",6.7066,111.865997
"2019-03-07",6.7109,111.623001
"2019-03-08",6.7141,111.634003
"2019-03-11",6.7206,111.080002
"2019-03-12",6.7255,111.342003
"2019-03-13",6.7076,111.306
"2019-03-14",6.7061,111.195999
"2019-03-15",6.722,111.752998
"2019-03-18",6.7128,111.560997
"2019-03-19",6.7031,111.373001
"2019-03-20",6.711,111.401001
"2019-03-21",6.6936,110.660004
"2019-03-22",6.6982,110.806
"2019-03-25",6.7171,110.081001
"2019-03-26",6.7084,110.068001
"2019-03-27",6.7147,110.554001
"2019-03-28",6.7262,110.489998
"2019-03-29",6.7381,110.637001
"2019-04-01",6.7111,110.995003
"2019-04-02",6.7105,111.450996
"2019-04-03",6.7224,111.305
"2019-04-04",6.7014,111.394997
"2019-04-05",6.7166,111.657997
"2019-04-08",6.7169,111.710999
"2019-04-09",6.7154,111.456001
"2019-04-10",6.7108,111.105003
"2019-04-11",6.7154,110.985001
"2019-04-12",6.7185,111.621002
"2019-04-15",6.7032,112.028
"2019-04-16",6.7077,111.943001
"2019-04-17",6.7112,111.992996
"2019-04-18",6.6872,112.036003
"2019-04-19",6.7081,111.988998
"2019-04-22",6.7034,111.910004
"2019-04-23",6.7085,111.929001
"2019-04-24",6.7249,111.876999
"2019-04-25",6.7209,112.129997
"2019-04-26",6.7421,111.539001
"2019-04-29",6.7288,111.593002
"2019-04-30",6.7324,111.677002
"2019-05-01",6.7338,111.394997
"2019-05-02",6.734,111.452003
"2019-05-03",6.7339,111.495003
"2019-05-06",6.7336,110.623001
"2019-05-07",6.7636,110.805
"2019-05-08",6.776,110.257004
"2019-05-09",6.782,110.028
"2019-05-10",6.8265,109.806999
"2019-05-13",6.8231,109.653999
"2019-05-14",6.8773,109.153999
"2019-05-15",6.8749,109.670998
"2019-05-16",6.8752,109.474998
"2019-05-17",6.8828,109.871002
"2019-05-20",6.9177,110.160004
"2019-05-21",6.9113,110.07
"2019-05-23",6.9054,110.221001
"2019-05-24",6.9095,109.557999
"2019-05-27",6.8993,109.401001
"2019-05-28",6.8972,109.509003
"2019-05-29",6.9091,109.346001
"2019-05-30",6.9134,109.542
"2019-05-31",6.9009,109.357002
"2019-06-03",6.9041,108.211998
"2019-06-04",6.9028,108.027
"2019-06-05",6.9073,108.253998
"2019-06-06",6.9081,108.328003
"2019-06-07",6.909,108.454002
"2019-06-10",6.9088,108.448997
"2019-06-11",6.9301,108.359001
"2019-06-12",6.9104,108.473999
"2019-06-13",6.9169,108.487999
"2019-06-14",6.9208,108.320999
"2019-06-17",6.9245,108.575996
"2019-06-18",6.9249,108.539001
"2019-06-19",6.9023,108.572998
"2019-06-20",6.9027,108.114998
"2019-06-21",6.851,107.277
"2019-06-24",6.8689,107.311996
"2019-06-25",6.8761,107.327003
"2019-06-26",6.8788,107.166
"2019-06-27",6.8791,107.737999
"2019-06-28",6.8671,107.747002
"2019-07-01",6.8658,108.382004
"2019-07-02",6.8508,108.365997
"2019-07-03",6.872,107.805
"2019-07-04",6.8802,107.778999
"2019-07-05",6.8706,107.807999
"2019-07-08",6.8926,108.473999
"2019-07-09",6.8809,108.721001
"2019-07-10",6.8883,108.924004
"2019-07-11",6.8722,108.334
"2019-07-12",6.8692,108.587997
"2019-07-15",6.8798,107.832001
"2019-07-16",6.8769,107.889
"2019-07-17",6.8753,108.200996
"2019-07-18",6.8728,107.936996
"2019-07-19",6.8791,107.401001
"2019-07-22",6.8811,107.809998
"2019-07-23",6.8801,107.903999
"2019-07-24",6.8783,108.232002
"2019-07-25",6.8715,108.189003
"2019-07-26",6.8716,108.666
"2019-07-29",6.8782,108.633003
"2019-07-30",6.8924,108.865997
"2019-07-31",6.8836,108.561996
"2019-08-01",6.8834,108.82
"2019-08-02",6.8978,107.431
"2019-08-05",6.9392,106.577003
"2019-08-06",7.0497,105.593002
"2019-08-07",7.0256,106.336998
"2019-08-08",7.0591,106.121002
"2019-08-09",7.0443,105.874001
"2019-08-12",7.0615,105.382004
"2019-08-13",7.0572,105.358002
"2019-08-14",7.0335,106.589996
"2019-08-15",7.0235,105.916
"2019-08-16",7.024,106.083
"2019-08-19",7.0419,106.43
"2019-08-20",7.0498,106.573997
"2019-08-21",7.0596,106.274002
"2019-08-22",7.0624,106.597
"2019-08-23",7.0827,106.468002
"2019-08-26",7.095,104.851997
"2019-08-27",7.1503,105.977997
"2019-08-28",7.1614,105.737999
"2019-08-29",7.1553,106.07
"2019-08-30",7.1436,106.438004
"2019-09-02",7.1557,106.127998
"2019-09-03",7.171,106.193001
"2019-09-04",7.178,105.861
"2019-09-05",7.1451,106.324997
"2019-09-06",7.1477,107.071999
"2019-09-09",7.1147,106.945
"2019-09-10",7.1211,107.336998
"2019-09-11",7.1117,107.599998
"2019-09-12",7.1158,108.021004
"2019-09-13",7.0784,108.176003
"2019-09-16",7.0784,107.764999
"2019-09-17",7.0664,108.161003
"2019-09-18",7.0909,108.086998
"2019-09-19",7.085,108.425003
"2019-09-20",7.0956,108.041
"2019-09-23",7.0906,107.652
"2019-09-24",7.1176,107.613998
"2019-09-25",7.1155,107.163002
"2019-09-26",7.1308,107.692001
"2019-09-27",7.1316,107.755997
"2019-09-30",7.1218,107.944
"2019-10-01",7.1475,108.069
"2019-10-02",7.1474,107.737
"2019-10-03",7.1476,107.163002
"2019-10-04",7.1475,106.825996
"2019-10-07",7.1474,106.764
"2019-10-08",7.1474,107.250999
"2019-10-09",7.1435,106.960999
"2019-10-10",7.1314,107.178001
"2019-10-11",7.1155,107.879997
"2019-10-14",7.0872,108.459
"2019-10-15",7.0666,108.388
"2019-10-16",7.0808,108.817001
"2019-10-17",7.0927,108.677002
"2019-10-18",7.0764,108.581001
"2019-10-21",7.0807,108.407997
"2019-10-22",7.0663,108.600998
"2019-10-23",7.0762,108.483002
"2019-10-24",7.0646,108.641998
"2019-10-25",7.0681,108.606003
"2019-10-28",7.0647,108.734001
"2019-10-29",7.0669,108.963997
"2019-10-30",7.0649,108.874001
"2019-10-31",7.0544,108.789001
"2019-11-01",7.0382,107.996002
"2019-11-04",7.0364,108.220001
"2019-11-05",7.0294,108.694
"2019-11-06",7.0088,109.146004
"2019-11-07",6.9972,108.913002
"2019-11-11",6.995,109.225998
"2019-11-12",7.0096,109.042
"2019-11-13",7.0068,108.992996
"2019-11-14",7.0226,108.797997
"2019-11-15",7.0198,108.491997
"2019-11-18",7.0073,108.698997
"2019-11-19",7.025,108.662003
"2019-11-20",7.0268,108.445
"2019-11-21",7.035,108.477997
"2019-11-22",7.0282,108.584999
"2019-11-25",7.0383,108.730003
"2019-11-26",7.0355,108.991997
"2019-11-27",7.0325,109.097
"2019-11-28",7.0279,109.366997
"2019-11-29",7.0344,109.512001
"2019-12-02",7.0315,109.535004
"2019-12-03",7.0383,109.022003
"2019-12-04",7.0602,108.653
"2019-12-05",7.0489,108.832001
"2019-12-06",7.0438,108.737999
"2019-12-09",7.0343,108.626999
"2019-12-10",7.0382,108.582001
"2019-12-11",7.0333,108.764
"2019-12-12",7.0378,108.549004
"2019-12-13",7.0195,109.413002
"2019-12-16",6.9719,109.400002
"2019-12-17",6.9816,109.575996
"2019-12-18",6.9962,109.515999
"2019-12-19",7.004,109.551003
"2019-12-20",7.0094,109.383003
"2019-12-23",7.0057,109.499001
"2019-12-24",7.0118,109.382004
"2019-12-25",7.0064,109.383003
"2019-12-26",6.9883,109.369003
"2019-12-27",6.9963,109.542
"2019-12-30",6.9948,109.428001
"2019-12-31",6.9857,108.873001
"2020-01-01",6.9623,108.681
"2020-01-02",6.9622,108.712997
"2020-01-03",6.9634,108.542999
"2020-01-06",6.9645,107.963997
"2020-01-07",6.9745,108.405998
"2020-01-08",6.9444,108.015999
"2020-01-09",6.9452,109.030998
"2020-01-10",6.9517,109.507004
"2020-01-13",6.9093,109.566002
"2020-01-14",6.8927,109.991997
"2020-01-15",6.9003,109.853996
"2020-01-16",6.8898,109.883003
"2020-01-17",6.8781,110.175003
"2020-01-20",6.8587,110.18
"2020-01-21",6.8658,110.172997
"2020-01-22",6.9048,109.907997
"2020-01-23",6.9057,109.727997
"2020-01-24",6.9356,109.552002
"2020-01-27",6.9357,108.802002
"2020-01-28",6.9357,108.919998
"2020-01-29",6.9357,109.132004
"2020-01-30",6.9357,108.987
"2020-01-31",6.9357,108.876999
"2020-02-03",6.9357,108.372002
"2020-02-04",7.0206,108.612
"2020-02-05",6.9975,109.446999
"2020-02-06",6.9728,109.814003
"2020-02-07",6.9698,109.968002
"2020-02-10",7.0006,109.644997
"2020-02-11",6.9835,109.765999
"2020-02-12",6.9649,109.843002
"2020-02-13",6.971,109.846001
"2020-02-14",6.9764,109.758003
"2020-02-17",6.9861,109.791
"2020-02-18",6.9793,109.830002
"2020-02-19",6.9962,109.918999
"2020-02-20",6.9972,111.209999
"2020-02-21",7.0224,111.954002
"2020-02-24",7.0262,111.556999
"2020-02-25",7.0284,110.857002
"2020-02-26",7.0364,110.286003
"2020-02-27",7.0398,110.362999
"2020-02-28",7.0035,109.660004
"2020-03-02",6.9909,107.696999
"2020-03-03",6.9998,108.487
"2020-03-04",6.961,107.037003
"2020-03-05",6.9654,107.677002
"2020-03-06",6.936,106.248001
"2020-03-09",6.9311,103.938004
"2020-03-10",6.9456,103.112
"2020-03-11",6.9556,105.026001
"2020-03-12",6.9596,104.550003
"2020-03-13",7.0286,104.610001
"2020-03-16",7.0072,106.688004
"2020-03-17",6.9927,106.175003
"2020-03-18",7.0062,107.376999
"2020-03-19",7.0464,108.360001
"2020-03-20",7.1077,111.291
"2020-03-23",7.0948,110.461998
"2020-03-24",7.0913,110.827003
"2020-03-25",7.062,111.120003
"2020-03-26",7.1135,110.875999
"2020-03-27",7.0731,109.109001
"2020-03-30",7.0953,107.413002
"2020-03-31",7.0992,108.035004
"2020-04-01",7.0814,107.508003
"2020-04-02",7.0993,107.257004
"2020-04-03",7.0832,108.000999
"2020-04-06",7.0913,108.693001
"2020-04-07",7.0913,109.114998
"2020-04-08",7.0448,108.651001
"2020-04-09",7.0649,108.921997
"2020-04-10",7.0422,108.560997
"2020-04-13",7.0351,108.335999
"2020-04-14",7.0516,107.623001
"2020-04-15",7.0483,107.103996
"2020-04-16",7.0665,107.609001
"2020-04-17",7.0788,107.945
"2020-04-20",7.0722,107.669998
"2020-04-21",7.0724,107.668999
"2020-04-22",7.0708,107.721001
"2020-04-23",7.0831,107.813004
"2020-04-24",7.0652,107.667
"2020-04-27",7.0809,107.495003
"2020-04-28",7.0853,107.282997
"2020-04-29",7.0781,106.740997
"2020-04-30",7.0754,106.610001
"2020-05-01",7.0613,107.285004
"2020-05-04",7.0615,106.737999
"2020-05-05",7.0615,106.696999
"2020-05-06",7.0615,106.452003
"2020-05-07",7.1036,106.191002
"2020-05-08",7.0838,106.359001
"2020-05-11",7.0731,106.918999
"2020-05-12",7.098,107.566002
"2020-05-13",7.0821,107.138
"2020-05-14",7.0913,106.932999
"2020-05-15",7.0947,107.364998
"2020-05-18",7.1012,107.208
"2020-05-19",7.1086,107.380997
"2020-05-20",7.0982,107.809998
"2020-05-21",7.0925,107.591003
"2020-05-22",7.1143,107.630997
"2020-05-25",7.1294,107.735001
"2020-05-26",7.1357,107.686996
"2020-05-27",7.1341,107.490997
"2020-05-28",7.1682,107.797997
"2020-05-29",7.1452,107.642998
"2020-06-01",7.1363,107.708
"2020-06-02",7.1267,107.547997
"2020-06-03",7.0999,108.808998
"2020-06-04",7.1147,108.999001
"2020-06-05",7.1092,109.150002
"2020-06-08",7.081,109.634003
"2020-06-09",7.0703,108.408997
"2020-06-10",7.0763,107.796997
"2020-06-11",7.06,106.981003
"2020-06-12",7.0641,106.803001
"2020-06-15",7.0824,107.310997
"2020-06-16",7.0908,107.463997
"2020-06-17",7.086,107.410004
"2020-06-18",7.0845,106.893997
"2020-06-19",7.0884,107.005997
"2020-06-22",7.0713,106.831001
"2020-06-23",7.0674,106.903
"2020-06-24",7.0574,106.431999
"2020-06-25",7.0772,107.043999
"2020-06-26",7.0772,107.154999
"2020-06-29",7.0772,107.218002
"2020-06-30",7.0796,107.589996
"2020-07-01",7.0644,107.988998
"2020-07-02",7.0701,107.365997
"2020-07-03",7.0655,107.497002
"2020-07-06",7.0654,107.579002
"2020-07-07",7.0173,107.359001
"2020-07-08",7.0129,107.578003
"2020-07-09",7.0035,107.282997
"2020-07-10",6.9931,107.236
"2020-07-13",6.992,106.910004
"2020-07-14",6.9964,107.276001
"2020-07-15",6.9958,107.245003
"2020-07-16",6.9878,106.917
"2020-07-17",6.9882,107.278
"2020-07-20",6.9912,107.089996
"2020-07-21",6.9823,107.195999
"2020-07-22",6.9797,106.832001
"2020-07-23",6.9987,107.175003
"2020-07-24",7.0031,106.837997
"2020-07-27",7.0161,105.992996
"2020-07-28",6.9932,105.261002
"2020-07-29",6.9997,105.107002
"2020-07-30",7.0003,105.031998
"2020-07-31",7.0073,104.682999
"2020-08-03",6.9742,105.865997
"2020-08-04",6.9794,106.029999
"2020-08-05",6.9727,105.613998
"2020-08-06",6.9346,105.553001
"2020-08-07",6.9524,105.581001
"2020-08-10",6.967,105.849998
"2020-08-11",6.9608,105.991997
"2020-08-12",6.9453,106.521004
"2020-08-13",6.9362,106.821999
"2020-08-14",6.9436,106.986
"2020-08-17",6.9494,106.554001
"2020-08-18",6.9318,105.995003
"2020-08-19",6.9208,105.223999
"2020-08-20",6.9192,106.079002
"2020-08-21",6.9148,105.665001
"2020-08-24",6.9185,105.876999
"2020-08-25",6.9189,105.992996
"2020-08-26",6.9119,106.404999
"2020-08-27",6.8849,105.856003
"2020-08-28",6.8892,106.637001
"2020-08-31",6.8644,105.535004
"2020-09-01",6.8477,106.003998
"2020-09-02",6.8275,105.896004
"2020-09-03",6.8373,106.208
"2020-09-04",6.8458,106.085999
"2020-09-07",6.8415,106.310997
"2020-09-08",6.8295,106.305
"2020-09-09",6.8451,105.968002
"2020-09-10",6.8318,106.231003
"2020-09-11",6.8333,106.142998
"2020-09-14",6.8334,106.144997
"2020-09-15",6.8091,105.714996
"2020-09-16",6.7803,105.380997
"2020-09-17",6.7537,105.061996
"2020-09-18",6.7641,104.697998
"2020-09-21",6.768,104.537003
"2020-09-22",6.8037,104.690002
"2020-09-23",6.7784,105.033997
"2020-09-24",6.8089,105.304001
"2020-09-25",6.8277,105.434998
"2020-09-28",6.8228,105.573997
"2020-09-29",6.8108,105.432999
"2020-09-30",6.8154,105.664001
"2020-10-01",6.7897,105.450996
"2020-10-02",6.7894,105.542999
"2020-10-05",6.7898,105.510002
"2020-10-06",6.7898,105.707001
"2020-10-07",6.7898,105.639999
"2020-10-08",6.7897,105.964996
"2020-10-09",6.7892,106.017998
"2020-10-12",6.6937,105.632004
"2020-10-13",6.7444,105.338997
"2020-10-14",6.7455,105.470001
"2020-10-15",6.7136,105.139
"2020-10-16",6.7239,105.360001
"2020-10-19",6.6966,105.427002
"2020-10-20",6.6807,105.470001
"2020-10-21",6.6752,105.476997
"2020-10-22",6.65,104.676003
"2020-10-23",6.6835,104.920998
"2020-10-26",6.6857,104.682999
"2020-10-27",6.7113,104.832001
"2020-10-28",6.7044,104.544998
"2020-10-29",6.7279,104.315002
"2020-10-30",6.714,104.554001
"2020-11-02",6.6891,104.580002
"2020-11-03",6.6897,104.724998
"2020-11-04",6.6766,104.545998
"2020-11-05",6.652,104.438004
"2020-11-06",6.6052,103.602997
"2020-11-09",6.6104,103.252998
"2020-11-10",6.6281,105.137001
"2020-11-11",6.6148,105.260002
"2020-11-12",6.6308,105.415001
"2020-11-13",6.6106,105.089996
"2020-11-16",6.6054,104.676003
"2020-11-17",6.5838,104.541
"2020-11-18",6.5551,104.181
"2020-11-19",6.5595,103.893997
"2020-11-20",6.5824,103.824997
"2020-11-23",6.5619,103.817001
"2020-11-24",6.5845,104.525002
"2020-11-25",6.5902,104.513
"2020-11-26",6.5775,104.400002
"2020-11-27",6.5745,104.241997
"2020-11-30",6.576,104.082001
"2020-12-01",6.5778,104.299004
"2020-12-02",6.5708,104.308998
"2020-12-03",6.5624,104.458
"2020-12-04",6.5414,103.822998
"2020-12-07",6.5306,104.197998
"2020-12-08",6.5287,103.998001
"2020-12-09",6.5317,104.135002
"2020-12-10",6.5422,104.272003
"2020-12-11",6.5444,104.181999
"2020-12-14",6.5457,103.939003
"2020-12-15",6.5497,104.010002
"2020-12-16",6.5383,103.634003
"2020-12-17",6.5313,103.474998
"2020-12-18",6.5321,103.130997
"2020-12-21",6.536,103.457001
"2020-12-22",6.5482,103.339996
"2020-12-23",6.5422,103.533997
"2020-12-24",6.5396,103.552002
"2020-12-25",6.529,103.653
"2020-12-28",6.5408,103.532997
"2020-12-29",6.5356,103.689003
"2020-12-30",6.53,103.558998
"2020-12-31",6.5222,103.121002
"2021-01-01",6.5317,103.225998
"2021-01-04",6.532,103.238998
"2021-01-05",6.4605,103.125
"2021-01-06",6.4552,102.678001
"2021-01-07",6.4607,103.024002
"2021-01-08",6.4772,103.790001
"2021-01-11",6.4743,104.091003
"2021-01-12",6.4797,104.127998
"2021-01-13",6.4629,103.751999
"2021-01-14",6.467,103.836998
"2021-01-15",6.4731,103.828003
"2021-01-18",6.4797,103.907997
"2021-01-19",6.4914,103.703003
"2021-01-20",6.4779,103.897003
"2021-01-21",6.4654,103.555
"2021-01-22",6.4614,103.505997
"2021-01-25",6.4808,103.777
"2021-01-26",6.4787,103.760002
"2021-01-27",6.4637,103.602997
"2021-01-28",6.4821,104.142998
"2021-01-29",6.4484,104.291
"2021-02-01",6.4268,104.685997
"2021-02-02",6.4675,104.880997
"2021-02-03",6.4564,105.028
"2021-02-04",6.4592,104.995003
"2021-02-05",6.4707,105.571999
"2021-02-08",6.4657,105.400002
"2021-02-09",6.448,105.209999
"2021-02-10",6.4342,104.574997
"2021-02-11",6.4572,104.614998
"2021-02-12",6.4569,104.740997
"2021-02-15",6.4572,105.058998
"2021-02-16",6.4572,105.387001
"2021-02-17",6.4571,106.102997
"2021-02-18",6.4576,105.861
"2021-02-19",6.4872,105.652
"2021-02-22",6.4858,105.514
"2021-02-23",6.4631,104.984001
"2021-02-24",6.463,105.282997
"2021-02-25",6.456,105.944
"2021-02-26",6.4538,106.378998
"2021-03-01",6.4779,106.502998
"2021-03-02",6.4632,106.850998
"2021-03-03",6.4695,106.758003
"2021-03-04",6.4668,107.057999
"2021-03-05",6.469,107.955002
"2021-03-08",6.4957,108.418999
"2021-03-09",6.5246,108.939003
"2021-03-10",6.5056,108.577003
"2021-03-11",6.5049,108.431999
"2021-03-12",6.493,108.555
"2021-03-15",6.4985,109.116997
"2021-03-16",6.4989,109.134003
"2021-03-17",6.505,109.028999
"2021-03-18",6.5026,108.890999
"2021-03-19",6.5048,108.931
"2021-03-22",6.499,108.871002
"2021-03-23",6.5063,108.776001
"2021-03-24",6.5149,108.519997
"2021-03-25",6.5146,108.790001
"2021-03-26",6.5448,109.179001
"2021-03-29",6.5405,109.791
"2021-03-30",6.5687,109.835999
"2021-03-31",6.571,110.305
"2021-04-01",6.5512,110.75
"2021-04-02",6.5644,110.612999
"2021-04-05",6.5665,110.677002
"2021-04-06",6.5659,110.193001
"2021-04-07",6.5385,109.792999
"2021-04-08",6.541,109.851997
"2021-04-09",6.55,109.330002
"2021-04-12",6.552,109.694
"2021-04-13",6.5479,109.374001
"2021-04-14",6.5426,108.924004
"2021-04-15",6.5281,108.893997
"2021-04-16",6.5213,108.689003
"2021-04-19",6.5111,108.719002
"2021-04-20",6.5093,108.098
"2021-04-21",6.4985,108.133003
"2021-04-22",6.49,108.039001
"2021-04-23",6.4903,107.977997
"2021-04-26",6.4944,107.874001
"2021-04-27",6.4845,108.202003
"2021-04-28",6.4821,108.75
"2021-04-29",6.4779,108.504997
"2021-04-30",6.4712,108.903999
"2021-05-03",6.4735,109.282997
"2021-05-04",6.4728,109.086998
"2021-05-05",6.4728,109.329002
"2021-05-06",6.473,109.219002
"2021-05-07",6.4632,109.050003
"2021-05-10",6.4315,108.571999
"2021-05-11",6.4151,108.844002
"2021-05-12",6.4283,108.714996
"2021-05-13",6.4552,109.664001
"2021-05-14",6.4509,109.515999
"2021-05-17",6.4361,109.412003
"2021-05-18",6.4382,109.241997
"2021-05-19",6.4242,108.867996
"2021-05-20",6.434,109.273003
"2021-05-21",6.4339,108.860001
"2021-05-24",6.4332,108.918999
"2021-05-25",6.4183,108.850998
"2021-05-26",6.41,108.802002
"2021-05-27",6.3907,109.169998
"2021-05-28",6.382,109.808998
"2021-05-31",6.3674,109.906998
"2021-06-01",6.369,109.492996
"2021-06-02",6.3807,109.492996
"2021-06-03",6.3801,109.595001
"2021-06-04",6.4027,110.265999
"2021-06-07",6.3943,109.616997
"2021-06-08",6.3963,109.274002
"2021-06-09",6.3995,109.469002
"2021-06-10",6.3865,109.610001
"2021-06-11",6.3923,109.408997
"2021-06-14",6.3977,109.709
"2021-06-15",6.3972,110.041
"2021-06-16",6.405,110.084
"2021-06-17",6.3967,110.769997
"2021-06-18",6.4474,110.324997
"2021-06-21",6.4521,110.200996
"2021-06-22",6.4659,110.374001
"2021-06-23",6.4803,110.653999
"2021-06-24",6.473,111.012001
"2021-06-25",6.471,110.920998
"2021-06-28",6.4463,110.821999
"2021-06-29",6.4551,110.602997
"2021-06-30",6.4631,110.535004
"2021-07-01",6.4562,111.124001
"2021-07-02",6.4676,111.571999
"2021-07-05",6.4721,111.135002
"2021-07-06",6.4628,110.916
"2021-07-07",6.4781,110.601997
"2021-07-08",6.4715,110.635002
"2021-07-09",6.4891,109.801003
"2021-07-12",6.478,110.214996
"2021-07-13",6.4746,110.324997
"2021-07-14",6.4675,110.595001
"2021-07-15",6.4683,109.984001
"2021-07-16",6.4601,109.778
"2021-07-19",6.4782,109.874001
"2021-07-20",6.4894,109.533997
"2021-07-21",6.4839,109.919998
"2021-07-22",6.467,110.254997
"2021-07-23",6.4697,110.139999
"2021-07-26",6.4804,110.543999
"2021-07-27",6.4817,110.302002
"2021-07-28",6.5097,109.806
"2021-07-29",6.4894,109.890999
"2021-07-30",6.4553,109.408997
"2021-08-02",6.4605,109.706001
"2021-08-03",6.461,109.268997
"2021-08-04",6.4692,108.990997
"2021-08-05",6.4652,109.528999
"2021-08-06",6.4603,109.751999
"2021-08-09",6.4825,110.259003
"2021-08-10",6.4852,110.306
"2021-08-11",6.4849,110.598
"2021-08-12",6.4782,110.374001
"2021-08-13",6.4783,110.403
"2021-08-16",6.4764,109.624001
"2021-08-17",6.4736,109.296997
"2021-08-18",6.4851,109.537003
"2021-08-19",6.4832,109.842003
"2021-08-20",6.4937,109.767998
"2021-08-23",6.4916,109.839996
"2021-08-24",6.48,109.678001
"2021-08-25",6.4699,109.730003
"2021-08-26",6.4749,109.975998
"2021-08-27",6.4805,110.047997
"2021-08-30",6.4708,109.864998
"2021-08-31",6.4651,109.944
"2021-09-01",6.4596,110.056
"2021-09-02",6.459,110.096001
"2021-09-03",6.4554,109.945
"2021-09-06",6.4519,109.764
"2021-09-07",6.4567,109.82
"2021-09-08",6.4655,110.295998
"2021-09-09",6.4607,110.218002
"2021-09-10",6.4543,109.780998
"2021-09-13",6.4434,109.915001
"2021-09-14",6.4508,109.994003
"2021-09-15",6.4383,109.719002
"2021-09-16",6.4314,109.383003
"2021-09-17",6.4566,109.698997
"2021-09-20",6.4652,109.971001
"2021-09-21",6.465,109.436996
"2021-09-22",6.466,109.149002
"2021-09-23",6.4608,109.821999
"2021-09-24",6.4579,110.325996
"2021-09-27",6.4657,110.764
"2021-09-28",6.456,110.963997
"2021-09-29",6.459,111.528
"2021-09-30",6.4696,111.935997
"2021-10-01",6.4455,111.460999
"2021-10-04",6.4457,110.946999
"2021-10-05",6.4452,110.968002
"2021-10-06",6.4452,111.487
"2021-10-07",6.4452,111.413002
"2021-10-08",6.4452,111.662003
"2021-10-11",6.4423,112.269997
"2021-10-12",6.4496,113.388
"2021-10-13",6.448,113.518997
"2021-10-14",6.4266,113.301003
"2021-10-15",6.439,113.834
"2021-10-18",6.4348,114.323997
"2021-10-19",6.4289,114.285004
"2021-10-20",6.3818,114.542999
"2021-10-21",6.3929,114.389
"2021-10-22",6.3918,113.849998
"2021-10-25",6.3839,113.664001
"2021-10-26",6.3847,113.764999
"2021-10-27",6.3815,114.188004
"2021-10-28",6.3916,113.776001
"2021-10-29",6.3904,113.615997
"2021-11-01",6.4047,114.236
"2021-11-02",6.3962,114.094002
"2021-11-03",6.3989,113.961998
"2021-11-04",6.4062,114.07
"2021-11-05",6.3964,113.836998
"2021-11-08",6.3979,113.474998
"2021-11-09",6.3916,113.253998
"2021-11-10",6.3917,112.912003
"2021-11-11",6.3881,113.904999
"2021-11-12",6.3895,114.042999
"2021-11-15",6.3786,113.981003
"2021-11-16",6.3821,114.132004
"2021-11-17",6.3911,114.903999
"2021-11-18",6.3769,114.190002
"2021-11-19",6.385,114.281998
"2021-11-22",6.3862,114.138
"2021-11-23",6.3843,114.790001
"2021-11-24",6.3908,115.140999
"2021-11-25",6.3918,115.407997
"2021-11-26",6.386,115.069
"2021-11-29",6.392,113.719002
"2021-11-30",6.387,113.804001
"2021-12-01",6.3632,113.299004
"2021-12-02",6.3673,112.882004
"2021-12-03",6.3756,113.022003
"2021-12-06",6.3753,113.042
"2021-12-07",6.3748,113.458
"2021-12-08",6.3663,113.525002
"2021-12-09",6.3437,113.683998
"2021-12-10",6.3765,113.447998
"2021-12-13",6.36,113.500999
"2021-12-14",6.3655,113.577003
"2021-12-15",6.3665,113.742996
"2021-12-16",6.3665,114.136002
"2021-12-17",6.3672,113.663002
"2021-12-20",6.374,113.517998
"2021-12-21",6.3746,113.662003
"2021-12-22",6.3706,113.994003
"2021-12-23",6.3691,114.121002
"2021-12-24",6.3688,114.458
"2021-12-27",6.3666,114.333
"2021-12-28",6.3698,114.792
"2021-12-29",6.3672,114.773003
"2021-12-30",6.3673,114.947998
"2021-12-31",6.3721,115.063004
